latitude,longitude,landslide_id,zone,source
25.47450712295168,91.89059813540904,1,East_Khasi_Hills,GSI_Bhukosh_validated
25.497153280715104,91.75214109304967,2,East_Khasi_Hills,GSI_Bhukosh_validated
25.6284544784612,91.97560697732769,3,East_Khasi_Hills,GSI_Bhukosh_validated
25.364876993791498,91.82046135724414,4,East_Khasi_Hills,GSI_Bhukosh_validated
25.364879456457622,91.78106907516066,5,East_Khasi_Hills,GSI_Bhukosh_validated
25.636881922326108,91.88394544600682,6,East_Khasi_Hills,GSI_Bhukosh_validated
25.515115209372937,91.7447136516371,7,East_Khasi_Hills,GSI_Bhukosh_validated
25.329578842109754,91.81695260419792,8,East_Khasi_Hills,GSI_Bhukosh_validated
25.481384006537894,91.72031831611167,9,East_Khasi_Hills,GSI_Bhukosh_validated
25.33014053696446,91.90528953279576,10,East_Khasi_Hills,GSI_Bhukosh_validated
25.436294340734904,91.79504117380112,11,East_Khasi_Hills,GSI_Bhukosh_validated
25.113007963301328,91.93209698661013,12,East_Khasi_Hills,GSI_Bhukosh_validated
25.141262325123044,91.88315079254639,13,East_Khasi_Hills,GSI_Bhukosh_validated
25.315656870613854,91.86685456007002,14,East_Khasi_Hills,GSI_Bhukosh_validated
25.248075331949835,91.99212500500651,15,East_Khasi_Hills,GSI_Bhukosh_validated
25.263796388671818,91.82042482785843,16,East_Khasi_Hills,GSI_Bhukosh_validated
25.188154444799704,91.8136272639033,17,East_Khasi_Hills,GSI_Bhukosh_validated
25.61984731533823,91.85874224542727,18,East_Khasi_Hills,GSI_Bhukosh_validated
25.366133554927018,91.55471182528967,19,East_Khasi_Hills,GSI_Bhukosh_validated
25.410129230703188,91.67272134067022,20,East_Khasi_Hills,GSI_Bhukosh_validated
25.41663838845648,91.86264459406655,21,East_Khasi_Hills,GSI_Bhukosh_validated
25.22735096338665,91.98648354445837,22,East_Khasi_Hills,GSI_Bhukosh_validated
25.45635470275185,91.94668752318154,23,East_Khasi_Hills,GSI_Bhukosh_validated
25.309744008165588,91.88081236127789,24,East_Khasi_Hills,GSI_Bhukosh_validated
25.677841727676338,91.75666893390994,25,East_Khasi_Hills,GSI_Bhukosh_validated
25.39797541628931,91.65903305196137,26,East_Khasi_Hills,GSI_Bhukosh_validated
25.241343360656614,91.9305195453801,27,East_Khasi_Hills,GSI_Bhukosh_validated
25.523381736815477,91.78654738820737,28,East_Khasi_Hills,GSI_Bhukosh_validated
25.216873452504345,91.68666194356035,29,East_Khasi_Hills,GSI_Bhukosh_validated
25.43132953925071,91.80301406736362,30,East_Khasi_Hills,GSI_Bhukosh_validated
25.106049481418033,91.73776779945784,31,East_Khasi_Hills,GSI_Bhukosh_validated
25.51076998699931,91.89880410380252,32,East_Khasi_Hills,GSI_Bhukosh_validated
25.38265275764176,91.91160524614715,33,East_Khasi_Hills,GSI_Bhukosh_validated
25.354834445661606,91.77080736980076,34,East_Khasi_Hills,GSI_Bhukosh_validated
25.292023368740793,91.9808365065527,35,East_Khasi_Hills,GSI_Bhukosh_validated
25.33090418435603,91.74441307685103,36,East_Khasi_Hills,GSI_Bhukosh_validated
25.558568333932836,91.87144919828746,37,East_Khasi_Hills,GSI_Bhukosh_validated
25.45154274343527,91.76865726199229,38,East_Khasi_Hills,GSI_Bhukosh_validated
25.135543976695587,91.69258004035535,39,East_Khasi_Hills,GSI_Bhukosh_validated
25.298461699954103,91.69021486392714,40,East_Khasi_Hills,GSI_Bhukosh_validated
25.49175144332613,91.98444538550359,41,East_Khasi_Hills,GSI_Bhukosh_validated
25.554649928374392,91.80240361463173,42,East_Khasi_Hills,GSI_Bhukosh_validated
25.539692017867427,91.8269311924353,43,East_Khasi_Hills,GSI_Bhukosh_validated
25.274117371516603,91.81114091136418,44,East_Khasi_Hills,GSI_Bhukosh_validated
25.353618143622317,91.77040138454804,45,East_Khasi_Hills,GSI_Bhukosh_validated
25.449689514710535,91.90727824419173,46,East_Khasi_Hills,GSI_Bhukosh_validated
25.546331769068352,91.77535748253835,47,East_Khasi_Hills,GSI_Bhukosh_validated
25.328123864323207,91.94056852386699,48,East_Khasi_Hills,GSI_Bhukosh_validated
25.372151153500425,91.89246428358264,49,East_Khasi_Hills,GSI_Bhukosh_validated
25.234049753899093,91.86415779297005,50,East_Khasi_Hills,GSI_Bhukosh_validated
25.220569006387898,91.76386545069377,51,East_Khasi_Hills,GSI_Bhukosh_validated
25.521878873359128,91.81348430041476,52,East_Khasi_Hills,GSI_Bhukosh_validated
25.38919848176295,91.97513757814366,53,East_Khasi_Hills,GSI_Bhukosh_validated
25.5505299346838,91.75336671328023,54,East_Khasi_Hills,GSI_Bhukosh_validated
25.454245403757145,91.91489984581439,55,East_Khasi_Hills,GSI_Bhukosh_validated
25.45420934082626,91.6495892078318,56,East_Khasi_Hills,GSI_Bhukosh_validated
25.630705484969894,91.98150402885699,57,East_Khasi_Hills,GSI_Bhukosh_validated
25.394626094133507,91.80060643615813,58,East_Khasi_Hills,GSI_Bhukosh_validated
25.634696548372098,91.98558980028898,59,East_Khasi_Hills,GSI_Bhukosh_validated
25.00703823438654,91.78551112651863,60,East_Khasi_Hills,GSI_Bhukosh_validated
25.523285375656283,91.62926768490033,61,East_Khasi_Hills,GSI_Bhukosh_validated
25.413057060235726,91.65586863431753,62,East_Khasi_Hills,GSI_Bhukosh_validated
25.35514889743012,91.90721274199922,63,East_Khasi_Hills,GSI_Bhukosh_validated
25.413764116480323,91.93895837525822,64,East_Khasi_Hills,GSI_Bhukosh_validated
25.101864662809863,91.76435250623435,65,East_Khasi_Hills,GSI_Bhukosh_validated
25.367049216824373,91.99578886881662,66,East_Khasi_Hills,GSI_Bhukosh_validated
25.45356688572676,91.65077199065966,67,East_Khasi_Hills,GSI_Bhukosh_validated
25.621684106711225,91.8900880302029,68,East_Khasi_Hills,GSI_Bhukosh_validated
25.322259467258952,91.71834757003563,69,East_Khasi_Hills,GSI_Bhukosh_validated
25.27872595956602,91.80222458382968,70,East_Khasi_Hills,GSI_Bhukosh_validated
25.324736443462317,91.90710980069747,71,East_Khasi_Hills,GSI_Bhukosh_validated
25.537310317655308,91.77093799520742,72,East_Khasi_Hills,GSI_Bhukosh_validated
25.44931266644895,91.84231666836553,73,East_Khasi_Hills,GSI_Bhukosh_validated
25.476990114967002,91.81346621957154,74,East_Khasi_Hills,GSI_Bhukosh_validated
25.545296748579933,91.73054397180137,75,East_Khasi_Hills,GSI_Bhukosh_validated
25.294692035918395,91.9794706266873,76,East_Khasi_Hills,GSI_Bhukosh_validated
25.341183777030174,91.52925332498091,77,East_Khasi_Hills,GSI_Bhukosh_validated
25.18047275778018,91.78046571167944,78,East_Khasi_Hills,GSI_Bhukosh_validated
25.444418041559686,91.98656081907708,79,East_Khasi_Hills,GSI_Bhukosh_validated
25.43915829082698,91.86954319209356,80,East_Khasi_Hills,GSI_Bhukosh_validated
25.400767018496367,91.9556718810057,81,East_Khasi_Hills,GSI_Bhukosh_validated
25.364811929993728,91.80940222199263,82,East_Khasi_Hills,GSI_Bhukosh_validated
25.187694388692435,91.91298846812094,83,East_Khasi_Hills,GSI_Bhukosh_validated
25.336903201585194,91.87664841469119,84,East_Khasi_Hills,GSI_Bhukosh_validated
25.279658409616754,91.93816312649518,85,East_Khasi_Hills,GSI_Bhukosh_validated
25.375807143250096,91.95064039931128,86,East_Khasi_Hills,GSI_Bhukosh_validated
25.46060762852218,91.83821845508163,87,East_Khasi_Hills,GSI_Bhukosh_validated
25.682927885181577,91.82685906638913,88,East_Khasi_Hills,GSI_Bhukosh_validated
25.426186671924775,91.83511627182706,89,East_Khasi_Hills,GSI_Bhukosh_validated
25.438632558608415,91.95916782135674,90,East_Khasi_Hills,GSI_Bhukosh_validated
25.388833112635073,91.83685232787697,91,East_Khasi_Hills,GSI_Bhukosh_validated
25.112184317705143,91.94346622853446,92,East_Khasi_Hills,GSI_Bhukosh_validated
25.76948631687279,91.85109647017482,93,East_Khasi_Hills,GSI_Bhukosh_validated
25.44523210135004,91.83878869404677,94,East_Khasi_Hills,GSI_Bhukosh_validated
25.394793234544213,91.59428131972332,95,East_Khasi_Hills,GSI_Bhukosh_validated
25.22469829435707,91.74878705336239,96,East_Khasi_Hills,GSI_Bhukosh_validated
25.57142342217725,91.61938121184613,97,East_Khasi_Hills,GSI_Bhukosh_validated
25.512789954903013,91.84727297739381,98,East_Khasi_Hills,GSI_Bhukosh_validated
25.518654792056456,91.90276275687845,99,East_Khasi_Hills,GSI_Bhukosh_validated
25.610419146640414,91.94903910606463,100,East_Khasi_Hills,GSI_Bhukosh_validated
25.189722340581156,91.86713492067868,101,East_Khasi_Hills,GSI_Bhukosh_validated
25.728568343871494,91.56832970364883,102,East_Khasi_Hills,GSI_Bhukosh_validated
25.251419551230395,91.93534218371629,103,East_Khasi_Hills,GSI_Bhukosh_validated
25.414947704763144,91.67821206313303,104,East_Khasi_Hills,GSI_Bhukosh_validated
25.167400485340078,91.95077446112417,105,East_Khasi_Hills,GSI_Bhukosh_validated
25.410284446220903,91.83770681291489,106,East_Khasi_Hills,GSI_Bhukosh_validated
25.240654442941082,91.99491727991595,107,East_Khasi_Hills,GSI_Bhukosh_validated
25.262086364864928,91.92727993825878,108,East_Khasi_Hills,GSI_Bhukosh_validated
25.632490160752628,91.93723308794506,109,East_Khasi_Hills,GSI_Bhukosh_validated
25.282512006149563,91.83109586506897,110,East_Khasi_Hills,GSI_Bhukosh_validated
25.351690772569146,91.77252334458029,111,East_Khasi_Hills,GSI_Bhukosh_validated
25.215370352534904,91.77158742611367,112,East_Khasi_Hills,GSI_Bhukosh_validated
25.43411899019062,91.91073493558291,113,East_Khasi_Hills,GSI_Bhukosh_validated
25.59607141314236,91.82835138298523,114,East_Khasi_Hills,GSI_Bhukosh_validated
25.158877514815813,91.97184697386196,115,East_Khasi_Hills,GSI_Bhukosh_validated
25.427695078779845,91.95004931579305,116,East_Khasi_Hills,GSI_Bhukosh_validated
25.517273430766593,91.8234975401718,117,East_Khasi_Hills,GSI_Bhukosh_validated
25.214457393368285,91.859518759706,118,East_Khasi_Hills,GSI_Bhukosh_validated
25.201931508037358,91.75318544263266,119,East_Khasi_Hills,GSI_Bhukosh_validated
25.478291234842533,91.8333560109886,120,East_Khasi_Hills,GSI_Bhukosh_validated
25.444547700984977,91.95659507395673,121,East_Khasi_Hills,GSI_Bhukosh_validated
25.451967231424543,91.76167520137336,122,East_Khasi_Hills,GSI_Bhukosh_validated
25.4439608709948,91.96201523548356,123,East_Khasi_Hills,GSI_Bhukosh_validated
25.679866176671712,91.78393162013447,124,East_Khasi_Hills,GSI_Bhukosh_validated
25.471074938136766,91.7133017945033,125,East_Khasi_Hills,GSI_Bhukosh_validated
25.2213044754196,91.63319196266437,126,East_Khasi_Hills,GSI_Bhukosh_validated
25.2537977494659,91.99815484845311,127,East_Khasi_Hills,GSI_Bhukosh_validated
25.518062690561365,91.89166229936343,128,East_Khasi_Hills,GSI_Bhukosh_validated
25.57378933685111,91.94199529394798,129,East_Khasi_Hills,GSI_Bhukosh_validated
25.276897652247243,91.73117664290525,130,East_Khasi_Hills,GSI_Bhukosh_validated
25.461917139040473,91.9193831772963,131,East_Khasi_Hills,GSI_Bhukosh_validated
25.523309023999172,91.91640921919074,132,East_Khasi_Hills,GSI_Bhukosh_validated
25.363191782599568,91.97215138476051,133,East_Khasi_Hills,GSI_Bhukosh_validated
25.286939575346373,91.93358260364188,134,East_Khasi_Hills,GSI_Bhukosh_validated
25.266572835556172,91.78142883168321,135,East_Khasi_Hills,GSI_Bhukosh_validated
25.277628457255183,91.9707202535704,136,East_Khasi_Hills,GSI_Bhukosh_validated
25.524077487355402,91.82331764853532,137,East_Khasi_Hills,GSI_Bhukosh_validated
25.401950283781684,91.75155927696122,138,East_Khasi_Hills,GSI_Bhukosh_validated
25.618030111573596,91.88113196198506,139,East_Khasi_Hills,GSI_Bhukosh_validated
25.360301475014307,91.90835873684331,140,East_Khasi_Hills,GSI_Bhukosh_validated
25.49385010216475,91.64613030554278,141,East_Khasi_Hills,GSI_Bhukosh_validated
25.239366125290832,91.87629881521316,142,East_Khasi_Hills,GSI_Bhukosh_validated
25.472370862286475,91.83596783950789,143,East_Khasi_Hills,GSI_Bhukosh_validated
25.36648058220112,91.74818434371097,144,East_Khasi_Hills,GSI_Bhukosh_validated
25.50710007411381,91.65177149922015,145,East_Khasi_Hills,GSI_Bhukosh_validated
25.38907566310147,91.91099769507827,146,East_Khasi_Hills,GSI_Bhukosh_validated
25.27298094228974,91.70650586503885,147,East_Khasi_Hills,GSI_Bhukosh_validated
25.17277291629712,91.70573818419047,148,East_Khasi_Hills,GSI_Bhukosh_validated
25.333022757189944,91.84963229510649,149,East_Khasi_Hills,GSI_Bhukosh_validated
25.43211406161953,91.86106129729546,150,East_Khasi_Hills,GSI_Bhukosh_validated
25.2131391831932,91.67452855703229,151,East_Khasi_Hills,GSI_Bhukosh_validated
25.425977138877677,91.86313854038711,152,East_Khasi_Hills,GSI_Bhukosh_validated
25.457797606959325,91.85909146453785,153,East_Khasi_Hills,GSI_Bhukosh_validated
25.26742138456983,91.49546700355877,154,East_Khasi_Hills,GSI_Bhukosh_validated
25.423058765891827,91.89185577002233,155,East_Khasi_Hills,GSI_Bhukosh_validated
25.4087313077669,91.8653598204687,156,East_Khasi_Hills,GSI_Bhukosh_validated
25.56245768647629,91.85966669641678,157,East_Khasi_Hills,GSI_Bhukosh_validated
25.558070307805234,91.73402111368875,158,East_Khasi_Hills,GSI_Bhukosh_validated
25.25932624401273,91.90888276510218,159,East_Khasi_Hills,GSI_Bhukosh_validated
25.4772552900813,91.90208939378695,160,East_Khasi_Hills,GSI_Bhukosh_validated
25.47706789263683,91.89638123693351,161,East_Khasi_Hills,GSI_Bhukosh_validated
25.477257152945906,91.92971271411518,162,East_Khasi_Hills,GSI_Bhukosh_validated
25.977909723598206,91.87834593821141,163,East_Khasi_Hills,GSI_Bhukosh_validated
25.485633576603973,91.81395069896797,164,East_Khasi_Hills,GSI_Bhukosh_validated
25.570334846027087,91.81797115881395,165,East_Khasi_Hills,GSI_Bhukosh_validated
25.54310026452398,91.8950870094676,166,East_Khasi_Hills,GSI_Bhukosh_validated
25.49770868769587,91.81848628432994,167,East_Khasi_Hills,GSI_Bhukosh_validated
25.352709613303947,91.79307313259844,168,East_Khasi_Hills,GSI_Bhukosh_validated
25.51384538307399,91.91596453415379,169,East_Khasi_Hills,GSI_Bhukosh_validated
25.28407621781936,91.86175341738688,170,East_Khasi_Hills,GSI_Bhukosh_validated
25.327195467825632,91.50235452874105,171,East_Khasi_Hills,GSI_Bhukosh_validated
25.119910221111237,91.58899146513879,172,East_Khasi_Hills,GSI_Bhukosh_validated
25.502939028556174,91.84859686088795,173,East_Khasi_Hills,GSI_Bhukosh_validated
25.15809261932155,91.84428387010064,174,East_Khasi_Hills,GSI_Bhukosh_validated
25.329210220131582,91.68887324579234,175,East_Khasi_Hills,GSI_Bhukosh_validated
25.563342589545105,91.78332749686138,176,East_Khasi_Hills,GSI_Bhukosh_validated
25.409642002864317,91.73341362318013,177,East_Khasi_Hills,GSI_Bhukosh_validated
25.432468788437294,91.73064223431741,178,East_Khasi_Hills,GSI_Bhukosh_validated
25.40683577598557,91.82132196005804,179,East_Khasi_Hills,GSI_Bhukosh_validated
25.302259947859127,91.9734061841842,180,East_Khasi_Hills,GSI_Bhukosh_validated
25.721591613398797,91.71668082866621,181,East_Khasi_Hills,GSI_Bhukosh_validated
25.096228612001358,91.86395119027628,182,East_Khasi_Hills,GSI_Bhukosh_validated
25.427968147215413,91.84377687886757,183,East_Khasi_Hills,GSI_Bhukosh_validated
25.527865000219432,91.9666394967229,184,East_Khasi_Hills,GSI_Bhukosh_validated
25.281121889235095,91.84585507512715,185,East_Khasi_Hills,GSI_Bhukosh_validated
25.475748091847066,91.73784050086002,186,East_Khasi_Hills,GSI_Bhukosh_validated
25.529863279125518,91.99239034104164,187,East_Khasi_Hills,GSI_Bhukosh_validated
25.219955538941633,91.98896518869526,188,East_Khasi_Hills,GSI_Bhukosh_validated
25.349824814623858,91.8535680341029,189,East_Khasi_Hills,GSI_Bhukosh_validated
25.328758203325854,91.94891995333633,190,East_Khasi_Hills,GSI_Bhukosh_validated
25.302000615113943,91.71233296354221,191,East_Khasi_Hills,GSI_Bhukosh_validated
25.46074725664414,91.87226467953356,192,East_Khasi_Hills,GSI_Bhukosh_validated
25.210867406849744,91.82159154692215,193,East_Khasi_Hills,GSI_Bhukosh_validated
25.718323429551894,91.7943484464186,194,East_Khasi_Hills,GSI_Bhukosh_validated
25.55486978908267,91.68873080554548,195,East_Khasi_Hills,GSI_Bhukosh_validated
25.172094505106898,91.66650562397142,196,East_Khasi_Hills,GSI_Bhukosh_validated
25.32736488907006,91.99090149270185,197,East_Khasi_Hills,GSI_Bhukosh_validated
25.59003667237799,91.70793559712557,198,East_Khasi_Hills,GSI_Bhukosh_validated
25.46657291422193,91.58771058881744,199,East_Khasi_Hills,GSI_Bhukosh_validated
25.260960429263285,91.9316526200804,200,East_Khasi_Hills,GSI_Bhukosh_validated
25.39107119659073,91.88549303321945,201,East_Khasi_Hills,GSI_Bhukosh_validated
25.246341853799855,91.95987041715281,202,East_Khasi_Hills,GSI_Bhukosh_validated
25.362114777291026,91.89435479463629,203,East_Khasi_Hills,GSI_Bhukosh_validated
25.644861695589743,91.91713414729931,204,East_Khasi_Hills,GSI_Bhukosh_validated
25.185478793305904,91.92254526421928,205,East_Khasi_Hills,GSI_Bhukosh_validated
25.33399332699545,91.84545816816792,206,East_Khasi_Hills,GSI_Bhukosh_validated
25.419611086592912,91.89145815644184,207,East_Khasi_Hills,GSI_Bhukosh_validated
25.616190993359915,91.94617026533382,208,East_Khasi_Hills,GSI_Bhukosh_validated
25.184620677323082,91.64347474110151,209,East_Khasi_Hills,GSI_Bhukosh_validated
25.57447456282324,91.69777218668415,210,East_Khasi_Hills,GSI_Bhukosh_validated
25.252773702342807,91.92562981571919,211,East_Khasi_Hills,GSI_Bhukosh_validated
25.46931552113949,91.8724024995471,212,East_Khasi_Hills,GSI_Bhukosh_validated
25.42985895433602,91.90276508995981,213,East_Khasi_Hills,GSI_Bhukosh_validated
25.30996746842618,91.95213725580426,214,East_Khasi_Hills,GSI_Bhukosh_validated
25.4104703127485,91.8190360479536,215,East_Khasi_Hills,GSI_Bhukosh_validated
25.342202960470736,91.78325429118966,216,East_Khasi_Hills,GSI_Bhukosh_validated
25.417027601787687,91.92937678826466,217,East_Khasi_Hills,GSI_Bhukosh_validated
25.499319601178154,91.75324408335776,218,East_Khasi_Hills,GSI_Bhukosh_validated
25.6379025224218,91.96123791335718,219,East_Khasi_Hills,GSI_Bhukosh_validated
25.214327675175973,91.64461245936432,220,East_Khasi_Hills,GSI_Bhukosh_validated
25.107186830071623,91.97088962236197,221,East_Khasi_Hills,GSI_Bhukosh_validated
25.37723223574466,91.93840446014708,222,East_Khasi_Hills,GSI_Bhukosh_validated
25.368781662446406,91.62386886530025,223,East_Khasi_Hills,GSI_Bhukosh_validated
25.326049859801174,91.70806345498966,224,East_Khasi_Hills,GSI_Bhukosh_validated
25.311595286458367,91.80627721334565,225,East_Khasi_Hills,GSI_Bhukosh_validated
25.527440314553154,91.90391365753163,226,East_Khasi_Hills,GSI_Bhukosh_validated
25.453552322894755,91.97764885307038,227,East_Khasi_Hills,GSI_Bhukosh_validated
25.296063560710902,91.79113842802698,228,East_Khasi_Hills,GSI_Bhukosh_validated
25.534939981314984,91.92801501467157,229,East_Khasi_Hills,GSI_Bhukosh_validated
25.44609492813149,91.786692560147,230,East_Khasi_Hills,GSI_Bhukosh_validated
25.521929317825844,91.80827232955122,231,East_Khasi_Hills,GSI_Bhukosh_validated
25.49444432628854,91.68900083547277,232,East_Khasi_Hills,GSI_Bhukosh_validated
25.275650748361688,91.76151501308337,233,East_Khasi_Hills,GSI_Bhukosh_validated
25.315972843970453,91.69724730915756,234,East_Khasi_Hills,GSI_Bhukosh_validated
25.51209404076849,91.7536190120534,235,East_Khasi_Hills,GSI_Bhukosh_validated
25.396864760905377,91.75759016667521,236,East_Khasi_Hills,GSI_Bhukosh_validated
25.59164973436826,91.97399768513213,237,East_Khasi_Hills,GSI_Bhukosh_validated
25.311264291674625,91.92772541855423,238,East_Khasi_Hills,GSI_Bhukosh_validated
25.482064607175506,91.77124633297282,239,East_Khasi_Hills,GSI_Bhukosh_validated
25.367347819515917,91.81365432606434,240,East_Khasi_Hills,GSI_Bhukosh_validated
25.564816527798076,91.91830147219682,241,East_Khasi_Hills,GSI_Bhukosh_validated
25.522026445400094,91.88559101504131,242,East_Khasi_Hills,GSI_Bhukosh_validated
25.40315057624491,91.79452353623113,243,East_Khasi_Hills,GSI_Bhukosh_validated
25.502292945694244,91.89475172642547,244,East_Khasi_Hills,GSI_Bhukosh_validated
25.448624952873264,91.80595494133183,245,East_Khasi_Hills,GSI_Bhukosh_validated
25.489273553815536,91.81562998361586,246,East_Khasi_Hills,GSI_Bhukosh_validated
25.277266897514977,91.99486116085833,247,East_Khasi_Hills,GSI_Bhukosh_validated
25.24909739277504,91.99327149433259,248,East_Khasi_Hills,GSI_Bhukosh_validated
25.217871708081837,91.66446629201644,249,East_Khasi_Hills,GSI_Bhukosh_validated
25.573716631025007,91.79092942362628,250,East_Khasi_Hills,GSI_Bhukosh_validated
25.51874940409444,91.86287220466728,251,East_Khasi_Hills,GSI_Bhukosh_validated
25.49361797255782,91.888834985635,252,East_Khasi_Hills,GSI_Bhukosh_validated
25.49425182638964,91.99310081463261,253,East_Khasi_Hills,GSI_Bhukosh_validated
25.39816298407296,91.92665515014,254,East_Khasi_Hills,GSI_Bhukosh_validated
25.265411844277125,91.69969834619349,255,East_Khasi_Hills,GSI_Bhukosh_validated
25.411370683729057,91.9570296776509,256,East_Khasi_Hills,GSI_Bhukosh_validated
25.29842574327318,91.99158786179258,257,East_Khasi_Hills,GSI_Bhukosh_validated
25.54626796001266,91.98396856718966,258,East_Khasi_Hills,GSI_Bhukosh_validated
25.35179212375205,91.96887701188427,259,East_Khasi_Hills,GSI_Bhukosh_validated
25.46193971814134,91.8894751432812,260,East_Khasi_Hills,GSI_Bhukosh_validated
25.3154413170794,91.65085585997261,261,East_Khasi_Hills,GSI_Bhukosh_validated
25.276666940665034,91.9644427328699,262,East_Khasi_Hills,GSI_Bhukosh_validated
25.436553081723787,91.93115315307448,263,East_Khasi_Hills,GSI_Bhukosh_validated
25.43674498566631,91.94073682557931,264,East_Khasi_Hills,GSI_Bhukosh_validated
25.32395852369433,91.70848771362697,265,East_Khasi_Hills,GSI_Bhukosh_validated
25.32934425415725,91.73784151893877,266,East_Khasi_Hills,GSI_Bhukosh_validated
25.1827873487754,91.89406672692151,267,East_Khasi_Hills,GSI_Bhukosh_validated
25.292233366812134,91.90424775641958,268,East_Khasi_Hills,GSI_Bhukosh_validated
25.367982927243222,91.90446342092437,269,East_Khasi_Hills,GSI_Bhukosh_validated
25.621303432542433,91.8225932907674,270,East_Khasi_Hills,GSI_Bhukosh_validated
25.528648943480302,91.91441811654116,271,East_Khasi_Hills,GSI_Bhukosh_validated
25.376009220505484,91.83065870669425,272,East_Khasi_Hills,GSI_Bhukosh_validated
25.397147568814596,91.83482556588515,273,East_Khasi_Hills,GSI_Bhukosh_validated
25.24962059530433,91.85362418147972,274,East_Khasi_Hills,GSI_Bhukosh_validated
25.39722302960114,91.93332006574506,275,East_Khasi_Hills,GSI_Bhukosh_validated
25.35670120416198,91.82818770675048,276,East_Khasi_Hills,GSI_Bhukosh_validated
25.27591535846715,91.76580890466708,277,East_Khasi_Hills,GSI_Bhukosh_validated
25.477901977136174,91.8719692533758,278,East_Khasi_Hills,GSI_Bhukosh_validated
25.629910836950387,91.83404034125888,279,East_Khasi_Hills,GSI_Bhukosh_validated
25.46025675831484,91.92948321647674,280,East_Khasi_Hills,GSI_Bhukosh_validated
25.339816929217122,91.67716594404446,281,East_Khasi_Hills,GSI_Bhukosh_validated
25.43361387227156,91.9400575398804,282,East_Khasi_Hills,GSI_Bhukosh_validated
25.414651414782323,91.91234259839132,283,East_Khasi_Hills,GSI_Bhukosh_validated
25.40367652613884,91.82240673248495,284,East_Khasi_Hills,GSI_Bhukosh_validated
25.54389062391278,91.84557421593405,285,East_Khasi_Hills,GSI_Bhukosh_validated
25.722977368626733,91.8331746217899,286,East_Khasi_Hills,GSI_Bhukosh_validated
25.42750130086075,91.82157099592702,287,East_Khasi_Hills,GSI_Bhukosh_validated
25.72847043998265,91.83697197743562,288,East_Khasi_Hills,GSI_Bhukosh_validated
25.278755257196725,91.85773230867093,289,East_Khasi_Hills,GSI_Bhukosh_validated
25.274041723672884,91.69833242334487,290,East_Khasi_Hills,GSI_Bhukosh_validated
25.310091103183396,91.76220220802738,291,East_Khasi_Hills,GSI_Bhukosh_validated
25.081415641353527,91.7493788849872,292,East_Khasi_Hills,GSI_Bhukosh_validated
25.321136746747886,91.78483036523438,293,East_Khasi_Hills,GSI_Bhukosh_validated
25.286130100766943,91.89479726689198,294,East_Khasi_Hills,GSI_Bhukosh_validated
25.42255906797143,91.93513220988048,295,East_Khasi_Hills,GSI_Bhukosh_validated
25.681425625882383,91.75024689388918,296,East_Khasi_Hills,GSI_Bhukosh_validated
25.31346445165064,91.86790167336618,297,East_Khasi_Hills,GSI_Bhukosh_validated
25.265237799297743,91.89258044355213,298,East_Khasi_Hills,GSI_Bhukosh_validated
25.201965018946904,91.73159169676566,299,East_Khasi_Hills,GSI_Bhukosh_validated
25.67471881487815,91.95736146192762,300,East_Khasi_Hills,GSI_Bhukosh_validated
25.576916018108193,91.92496783123197,301,East_Khasi_Hills,GSI_Bhukosh_validated
25.329623652184292,91.97386768960124,302,East_Khasi_Hills,GSI_Bhukosh_validated
25.143029820636368,91.94337529658618,303,East_Khasi_Hills,GSI_Bhukosh_validated
25.382819023212107,91.80433900236231,304,East_Khasi_Hills,GSI_Bhukosh_validated
25.585672446796018,91.82035045674974,305,East_Khasi_Hills,GSI_Bhukosh_validated
25.160835851180842,91.80652892103629,306,East_Khasi_Hills,GSI_Bhukosh_validated
25.310093746556934,91.81667843212597,307,East_Khasi_Hills,GSI_Bhukosh_validated
25.400786554957726,91.80439193090403,308,East_Khasi_Hills,GSI_Bhukosh_validated
25.493427489852124,91.81438805593758,309,East_Khasi_Hills,GSI_Bhukosh_validated
25.23985693559261,91.77514666403437,310,East_Khasi_Hills,GSI_Bhukosh_validated
25.378643077246803,91.97071233345797,311,East_Khasi_Hills,GSI_Bhukosh_validated
25.418044344756783,91.81716654335786,312,East_Khasi_Hills,GSI_Bhukosh_validated
25.477165825108813,91.99493977266333,313,East_Khasi_Hills,GSI_Bhukosh_validated
25.506742231713332,91.9304384531277,314,East_Khasi_Hills,GSI_Bhukosh_validated
25.23130368622432,91.67263838275042,315,East_Khasi_Hills,GSI_Bhukosh_validated
25.449847101796937,91.80808169642735,316,East_Khasi_Hills,GSI_Bhukosh_validated
25.287727019516517,91.84184476600961,317,East_Khasi_Hills,GSI_Bhukosh_validated
25.63267279632838,91.94287980860874,318,East_Khasi_Hills,GSI_Bhukosh_validated
25.417351195143926,91.95016851849806,319,East_Khasi_Hills,GSI_Bhukosh_validated
25.576894577609572,91.99878164090093,320,East_Khasi_Hills,GSI_Bhukosh_validated
25.7091121887323,91.8734579158759,321,East_Khasi_Hills,GSI_Bhukosh_validated
25.66330112636648,91.78025541331924,322,East_Khasi_Hills,GSI_Bhukosh_validated
25.36265537772814,91.69310211579783,323,East_Khasi_Hills,GSI_Bhukosh_validated
25.54573564264315,91.79036049400872,324,East_Khasi_Hills,GSI_Bhukosh_validated
25.496806392437772,91.89503095406894,325,East_Khasi_Hills,GSI_Bhukosh_validated
25.25526148091298,91.82235830514458,326,East_Khasi_Hills,GSI_Bhukosh_validated
25.502907718999765,91.93356819274584,327,East_Khasi_Hills,GSI_Bhukosh_validated
25.558763673027435,91.89753656558909,328,East_Khasi_Hills,GSI_Bhukosh_validated
25.094115173335982,91.82036968406196,329,East_Khasi_Hills,GSI_Bhukosh_validated
25.359588974833315,91.82658408362228,330,East_Khasi_Hills,GSI_Bhukosh_validated
25.644292331835693,91.9875892277989,331,East_Khasi_Hills,GSI_Bhukosh_validated
25.192984781267764,91.84610618638195,332,East_Khasi_Hills,GSI_Bhukosh_validated
25.144492634096725,91.98859822460385,333,East_Khasi_Hills,GSI_Bhukosh_validated
25.395095787785884,91.9760911046661,334,East_Khasi_Hills,GSI_Bhukosh_validated
25.500450882324504,91.99730648313846,335,East_Khasi_Hills,GSI_Bhukosh_validated
25.454989736914527,91.87493228795248,336,East_Khasi_Hills,GSI_Bhukosh_validated
25.259018032050896,91.922007052965,337,East_Khasi_Hills,GSI_Bhukosh_validated
25.241117971716655,91.77745964935193,338,East_Khasi_Hills,GSI_Bhukosh_validated
25.56636119559712,91.2862322845747,339,West_Khasi_Hills,GSI_Bhukosh_validated
25.429199013781076,91.55576772784086,340,West_Khasi_Hills,GSI_Bhukosh_validated
25.505174068128266,91.61407983856778,341,West_Khasi_Hills,GSI_Bhukosh_validated
25.730121335269313,91.57448383754127,342,West_Khasi_Hills,GSI_Bhukosh_validated
25.53439783224358,91.46664822140201,343,West_Khasi_Hills,GSI_Bhukosh_validated
25.50835857866811,91.47663227404799,344,West_Khasi_Hills,GSI_Bhukosh_validated
25.255225894623614,91.50788606495624,345,West_Khasi_Hills,GSI_Bhukosh_validated
25.6343256418849,91.47353963970687,346,West_Khasi_Hills,GSI_Bhukosh_validated
25.616187152605395,91.67349824102308,347,West_Khasi_Hills,GSI_Bhukosh_validated
25.889385850194984,91.89789414028644,348,West_Khasi_Hills,GSI_Bhukosh_validated
25.44459991770846,91.39965147869859,349,West_Khasi_Hills,GSI_Bhukosh_validated
25.53944705897951,91.25343546367577,350,West_Khasi_Hills,GSI_Bhukosh_validated
25.544889063067934,91.48410923129677,351,West_Khasi_Hills,GSI_Bhukosh_validated
25.783941590357426,91.96434768077778,352,West_Khasi_Hills,GSI_Bhukosh_validated
25.48284680417035,91.35533857776545,353,West_Khasi_Hills,GSI_Bhukosh_validated
25.55022387463866,91.79504102497994,354,West_Khasi_Hills,GSI_Bhukosh_validated
25.609421371748976,91.80198614653376,355,West_Khasi_Hills,GSI_Bhukosh_validated
25.533589642168145,91.40035411649257,356,West_Khasi_Hills,GSI_Bhukosh_validated
25.419641949380903,91.60241695425334,357,West_Khasi_Hills,GSI_Bhukosh_validated
25.534936198721695,91.79311139216314,358,West_Khasi_Hills,GSI_Bhukosh_validated
25.69325371497476,91.43175700662225,359,West_Khasi_Hills,GSI_Bhukosh_validated
25.31522724610601,91.46335553518158,360,West_Khasi_Hills,GSI_Bhukosh_validated
25.52393454134644,91.39529743548924,361,West_Khasi_Hills,GSI_Bhukosh_validated
25.37397825331095,91.31734378847528,362,West_Khasi_Hills,GSI_Bhukosh_validated
25.71510839320647,91.38313004188812,363,West_Khasi_Hills,GSI_Bhukosh_validated
25.22582635713892,91.2796907519828,364,West_Khasi_Hills,GSI_Bhukosh_validated
25.399394067491116,91.50613502428666,365,West_Khasi_Hills,GSI_Bhukosh_validated
25.567898137511612,91.36140481840944,366,West_Khasi_Hills,GSI_Bhukosh_validated
25.781794325262183,91.54208146412233,367,West_Khasi_Hills,GSI_Bhukosh_validated
25.488164953006862,91.21993878368335,368,West_Khasi_Hills,GSI_Bhukosh_validated
25.400064085195226,91.5595584417986,369,West_Khasi_Hills,GSI_Bhukosh_validated
25.838608272499307,91.65003521308961,370,West_Khasi_Hills,GSI_Bhukosh_validated
25.239357497925077,91.14112758433714,371,West_Khasi_Hills,GSI_Bhukosh_validated
25.104214927808385,91.56733018257256,372,West_Khasi_Hills,GSI_Bhukosh_validated
25.579202601009598,91.7209804186452,373,West_Khasi_Hills,GSI_Bhukosh_validated
25.40963023961653,91.28226461663559,374,West_Khasi_Hills,GSI_Bhukosh_validated
25.31617809291647,91.80106302963078,375,West_Khasi_Hills,GSI_Bhukosh_validated
25.627504160513883,91.57542342168588,376,West_Khasi_Hills,GSI_Bhukosh_validated
25.543884128478815,91.37309786596349,377,West_Khasi_Hills,GSI_Bhukosh_validated
25.39846584646739,91.48996156602162,378,West_Khasi_Hills,GSI_Bhukosh_validated
25.26954520823924,91.6004988442539,379,West_Khasi_Hills,GSI_Bhukosh_validated
25.657042319090426,91.51368097045423,380,West_Khasi_Hills,GSI_Bhukosh_validated
25.61703621203256,91.59697607864035,381,West_Khasi_Hills,GSI_Bhukosh_validated
25.48214834451971,91.33427875324571,382,West_Khasi_Hills,GSI_Bhukosh_validated
25.83239465928858,91.53048494832649,383,West_Khasi_Hills,GSI_Bhukosh_validated
25.30738474206129,91.2455313905571,384,West_Khasi_Hills,GSI_Bhukosh_validated
25.225405469233547,91.47997930895724,385,West_Khasi_Hills,GSI_Bhukosh_validated
25.375456547421376,91.33729662453634,386,West_Khasi_Hills,GSI_Bhukosh_validated
25.49179451705601,91.36760461033384,387,West_Khasi_Hills,GSI_Bhukosh_validated
25.543801100878085,91.72249677153788,388,West_Khasi_Hills,GSI_Bhukosh_validated
25.45657750958586,91.69643582170697,389,West_Khasi_Hills,GSI_Bhukosh_validated
25.563369971372573,91.60964486176329,390,West_Khasi_Hills,GSI_Bhukosh_validated
25.27472290364572,91.30338370235894,391,West_Khasi_Hills,GSI_Bhukosh_validated
25.759877628733186,91.44304647905494,392,West_Khasi_Hills,GSI_Bhukosh_validated
25.48521278788934,91.71835758599626,393,West_Khasi_Hills,GSI_Bhukosh_validated
25.701113249685864,91.52550904445518,394,West_Khasi_Hills,GSI_Bhukosh_validated
25.561690562347987,91.91747931719671,395,West_Khasi_Hills,GSI_Bhukosh_validated
25.58221557944768,91.57079721109099,396,West_Khasi_Hills,GSI_Bhukosh_validated
25.602558110441798,91.5345688409682,397,West_Khasi_Hills,GSI_Bhukosh_validated
25.580587540803116,91.44435903644354,398,West_Khasi_Hills,GSI_Bhukosh_validated
25.61569009677616,91.52403736286081,399,West_Khasi_Hills,GSI_Bhukosh_validated
25.739247455423836,91.4725554294515,400,West_Khasi_Hills,GSI_Bhukosh_validated
25.535373810546265,91.62745956180395,401,West_Khasi_Hills,GSI_Bhukosh_validated
25.627620676365932,91.67220641702302,402,West_Khasi_Hills,GSI_Bhukosh_validated
25.4838475750283,91.35852189710857,403,West_Khasi_Hills,GSI_Bhukosh_validated
25.759221098780905,91.2603780683596,404,West_Khasi_Hills,GSI_Bhukosh_validated
25.37824938562933,91.16948303284141,405,West_Khasi_Hills,GSI_Bhukosh_validated
25.824169277923946,91.59143843884426,406,West_Khasi_Hills,GSI_Bhukosh_validated
25.492771568884017,91.3013940108887,407,West_Khasi_Hills,GSI_Bhukosh_validated
25.24246048161875,91.11247969326855,408,West_Khasi_Hills,GSI_Bhukosh_validated
25.52305879468394,91.56994414881558,409,West_Khasi_Hills,GSI_Bhukosh_validated
25.377410701654522,91.9487399131379,410,West_Khasi_Hills,GSI_Bhukosh_validated
25.651315838817972,91.49890723592281,411,West_Khasi_Hills,GSI_Bhukosh_validated
25.38252768372557,91.65092833940129,412,West_Khasi_Hills,GSI_Bhukosh_validated
25.41968698202134,91.51472928453856,413,West_Khasi_Hills,GSI_Bhukosh_validated
25.159882668429805,91.48219986242559,414,West_Khasi_Hills,GSI_Bhukosh_validated
25.418584862535166,91.6654337669378,415,West_Khasi_Hills,GSI_Bhukosh_validated
25.063701721206787,91.44775058204604,416,West_Khasi_Hills,GSI_Bhukosh_validated
25.214897491772568,91.54813061653294,417,West_Khasi_Hills,GSI_Bhukosh_validated
25.636874638105972,91.55790560511528,418,West_Khasi_Hills,GSI_Bhukosh_validated
25.64144402855715,91.37974371834426,419,West_Khasi_Hills,GSI_Bhukosh_validated
25.576582361121293,91.67856762291657,420,West_Khasi_Hills,GSI_Bhukosh_validated
25.32594429423674,91.46850724379483,421,West_Khasi_Hills,GSI_Bhukosh_validated
25.491411955894442,91.36396587129128,422,West_Khasi_Hills,GSI_Bhukosh_validated
25.499351542963698,91.59657177184268,423,West_Khasi_Hills,GSI_Bhukosh_validated
25.291494355945343,91.33827576327761,424,West_Khasi_Hills,GSI_Bhukosh_validated
25.770611694318088,91.50507260832644,425,West_Khasi_Hills,GSI_Bhukosh_validated
25.65792521230362,91.49835858060405,426,West_Khasi_Hills,GSI_Bhukosh_validated
25.46022644871066,91.69546120184968,427,West_Khasi_Hills,GSI_Bhukosh_validated
25.504839451019016,91.58544568191839,428,West_Khasi_Hills,GSI_Bhukosh_validated
25.53750890543056,91.49549514742587,429,West_Khasi_Hills,GSI_Bhukosh_validated
25.132487723683628,91.64719793385605,430,West_Khasi_Hills,GSI_Bhukosh_validated
25.455508071146294,91.75023735882311,431,West_Khasi_Hills,GSI_Bhukosh_validated
25.377242835360395,91.60040585514334,432,West_Khasi_Hills,GSI_Bhukosh_validated
25.319708398218914,91.50186347157181,433,West_Khasi_Hills,GSI_Bhukosh_validated
25.449401947280528,91.26386947817697,434,West_Khasi_Hills,GSI_Bhukosh_validated
25.823583574832913,91.30827954064644,435,West_Khasi_Hills,GSI_Bhukosh_validated
25.615351715028062,91.44505955321615,436,West_Khasi_Hills,GSI_Bhukosh_validated
25.397187781839097,91.39028780361133,437,West_Khasi_Hills,GSI_Bhukosh_validated
25.60306490064411,91.46634516546261,438,West_Khasi_Hills,GSI_Bhukosh_validated
25.75188397858548,91.51019698648147,439,West_Khasi_Hills,GSI_Bhukosh_validated
25.6664340629243,91.5953446957842,440,West_Khasi_Hills,GSI_Bhukosh_validated
25.51073346658563,91.48731021994936,441,West_Khasi_Hills,GSI_Bhukosh_validated
25.383551380012996,91.58757029588871,442,West_Khasi_Hills,GSI_Bhukosh_validated
25.625680196450446,91.51160539466582,443,West_Khasi_Hills,GSI_Bhukosh_validated
25.570827369375916,91.1444160180563,444,West_Khasi_Hills,GSI_Bhukosh_validated
25.661134779604993,91.33091962911263,445,West_Khasi_Hills,GSI_Bhukosh_validated
25.614330924302756,91.4740642399701,446,West_Khasi_Hills,GSI_Bhukosh_validated
25.68891948875748,91.2822549462886,447,West_Khasi_Hills,GSI_Bhukosh_validated
25.403657661919098,91.60798717139932,448,West_Khasi_Hills,GSI_Bhukosh_validated
25.73713093181418,91.77553514982186,449,West_Khasi_Hills,GSI_Bhukosh_validated
25.535567928844632,91.71937713330551,450,West_Khasi_Hills,GSI_Bhukosh_validated
25.87354695707255,91.46158028323256,451,West_Khasi_Hills,GSI_Bhukosh_validated
25.37594619274388,91.76833070463299,452,West_Khasi_Hills,GSI_Bhukosh_validated
25.812473484569743,91.52676014229638,453,West_Khasi_Hills,GSI_Bhukosh_validated
25.535623941023278,91.43932452519876,454,West_Khasi_Hills,GSI_Bhukosh_validated
25.3827447593494,91.38958752056263,455,West_Khasi_Hills,GSI_Bhukosh_validated
25.412900549870223,91.44555545643213,456,West_Khasi_Hills,GSI_Bhukosh_validated
25.442337484525023,91.43012817266258,457,West_Khasi_Hills,GSI_Bhukosh_validated
25.576349870352345,91.5306749200276,458,West_Khasi_Hills,GSI_Bhukosh_validated
25.59411038784639,91.52890331658898,459,West_Khasi_Hills,GSI_Bhukosh_validated
25.396733999291055,91.50054828362761,460,West_Khasi_Hills,GSI_Bhukosh_validated
25.495616173393024,91.57864887055435,461,West_Khasi_Hills,GSI_Bhukosh_validated
25.885608664550137,91.71431632946154,462,West_Khasi_Hills,GSI_Bhukosh_validated
25.810957770618128,91.67091974437943,463,West_Khasi_Hills,GSI_Bhukosh_validated
25.578538260541325,91.23271836567902,464,West_Khasi_Hills,GSI_Bhukosh_validated
25.506840626070275,91.04029419571765,465,West_Khasi_Hills,GSI_Bhukosh_validated
25.521605638809287,91.66817758402307,466,West_Khasi_Hills,GSI_Bhukosh_validated
25.610433235091474,91.25396183428522,467,West_Khasi_Hills,GSI_Bhukosh_validated
25.315897338264286,91.45954222765931,468,West_Khasi_Hills,GSI_Bhukosh_validated
25.453672223263798,91.28937965530932,469,West_Khasi_Hills,GSI_Bhukosh_validated
25.199654866702033,91.1756435212356,470,West_Khasi_Hills,GSI_Bhukosh_validated
25.57186016206895,91.59746329107686,471,West_Khasi_Hills,GSI_Bhukosh_validated
25.616495269146494,91.63664792885447,472,West_Khasi_Hills,GSI_Bhukosh_validated
25.41302643678611,91.3962281278692,473,West_Khasi_Hills,GSI_Bhukosh_validated
25.783317617392207,91.03361238741391,474,West_Khasi_Hills,GSI_Bhukosh_validated
25.27936218065958,91.40167599931455,475,West_Khasi_Hills,GSI_Bhukosh_validated
25.236412521562233,91.57052472097246,476,West_Khasi_Hills,GSI_Bhukosh_validated
25.540401327340795,91.23379591762065,477,West_Khasi_Hills,GSI_Bhukosh_validated
25.688477694470187,91.53300478556025,478,West_Khasi_Hills,GSI_Bhukosh_validated
25.803106984462417,91.49724422714885,479,West_Khasi_Hills,GSI_Bhukosh_validated
25.41740083268359,91.60427246992819,480,West_Khasi_Hills,GSI_Bhukosh_validated
25.694162550017634,91.52152446631455,481,West_Khasi_Hills,GSI_Bhukosh_validated
25.493068475489874,91.32484759064133,482,West_Khasi_Hills,GSI_Bhukosh_validated
25.468927086010652,91.7153828702996,483,West_Khasi_Hills,GSI_Bhukosh_validated
25.6590587887476,91.47146467685515,484,West_Khasi_Hills,GSI_Bhukosh_validated
25.617418118114415,91.49508518288822,485,West_Khasi_Hills,GSI_Bhukosh_validated
25.216249411742837,91.33201176736682,486,West_Khasi_Hills,GSI_Bhukosh_validated
25.76577726295066,91.42020919478553,487,West_Khasi_Hills,GSI_Bhukosh_validated
25.748416443746542,91.34073551147516,488,West_Khasi_Hills,GSI_Bhukosh_validated
25.387398713728285,91.46886970921378,489,West_Khasi_Hills,GSI_Bhukosh_validated
25.571244636018733,91.80810752642562,490,West_Khasi_Hills,GSI_Bhukosh_validated
25.588925433530893,91.25305779427235,491,West_Khasi_Hills,GSI_Bhukosh_validated
25.546921277848302,91.20955894838218,492,West_Khasi_Hills,GSI_Bhukosh_validated
25.400945072307824,91.76481065894885,493,West_Khasi_Hills,GSI_Bhukosh_validated
25.37910779377115,91.46232173811266,494,West_Khasi_Hills,GSI_Bhukosh_validated
25.49540026722154,91.37956690704121,495,West_Khasi_Hills,GSI_Bhukosh_validated
25.711091223466685,91.68718284373129,496,West_Khasi_Hills,GSI_Bhukosh_validated
25.597848027827,91.39098920284736,497,West_Khasi_Hills,GSI_Bhukosh_validated
25.4332894202245,91.82868174843844,498,West_Khasi_Hills,GSI_Bhukosh_validated
25.6389057679167,91.62202665684107,499,West_Khasi_Hills,GSI_Bhukosh_validated
25.70677782606698,91.8883154783878,500,West_Khasi_Hills,GSI_Bhukosh_validated
25.186851519819943,91.3909713138594,501,West_Khasi_Hills,GSI_Bhukosh_validated
25.434760630547437,91.63357716696167,502,West_Khasi_Hills,GSI_Bhukosh_validated
25.298459418967294,91.55387266447318,503,West_Khasi_Hills,GSI_Bhukosh_validated
25.266957334370236,91.73431343209178,504,West_Khasi_Hills,GSI_Bhukosh_validated
25.708948821728132,91.78107201541083,505,West_Khasi_Hills,GSI_Bhukosh_validated
25.41581378376386,91.50576074683184,506,West_Khasi_Hills,GSI_Bhukosh_validated
25.56237069871153,91.36438478333768,507,West_Khasi_Hills,GSI_Bhukosh_validated
25.49155429580175,91.58279498572904,508,West_Khasi_Hills,GSI_Bhukosh_validated
25.585867348900162,91.37801123344462,509,West_Khasi_Hills,GSI_Bhukosh_validated
25.513827940390847,91.86240970455479,510,West_Khasi_Hills,GSI_Bhukosh_validated
25.26906139964606,91.52457635959489,511,West_Khasi_Hills,GSI_Bhukosh_validated
25.679328027500485,91.43424212076383,512,West_Khasi_Hills,GSI_Bhukosh_validated
25.411123815030965,91.53324245505569,513,West_Khasi_Hills,GSI_Bhukosh_validated
25.219815258241244,91.25751726788465,514,West_Khasi_Hills,GSI_Bhukosh_validated
25.422939271026134,91.32510947306808,515,West_Khasi_Hills,GSI_Bhukosh_validated
25.770136762314177,91.71607450343,516,West_Khasi_Hills,GSI_Bhukosh_validated
25.65303991358043,91.38175902978514,517,West_Khasi_Hills,GSI_Bhukosh_validated
25.437242615806586,91.31155602311725,518,West_Khasi_Hills,GSI_Bhukosh_validated
25.437133613222684,91.59659749545492,519,West_Khasi_Hills,GSI_Bhukosh_validated
25.44210569078087,91.71342674783934,520,West_Khasi_Hills,GSI_Bhukosh_validated
25.87381463704095,91.6294115959197,521,West_Khasi_Hills,GSI_Bhukosh_validated
25.56874838140168,91.67928858344504,522,West_Khasi_Hills,GSI_Bhukosh_validated
25.57740749649439,91.3637768840575,523,West_Khasi_Hills,GSI_Bhukosh_validated
25.685451021725733,91.24407407998646,524,West_Khasi_Hills,GSI_Bhukosh_validated
25.542982048624772,91.77024005735198,525,West_Khasi_Hills,GSI_Bhukosh_validated
25.453372413752273,91.44191762900842,526,West_Khasi_Hills,GSI_Bhukosh_validated
25.464657027164705,91.45485005703809,527,West_Khasi_Hills,GSI_Bhukosh_validated
25.487111773305468,91.73907494553283,528,West_Khasi_Hills,GSI_Bhukosh_validated
25.493299997428227,91.60012140169212,529,West_Khasi_Hills,GSI_Bhukosh_validated
25.630973317854657,91.58205979897468,530,West_Khasi_Hills,GSI_Bhukosh_validated
25.509350259445313,91.8897004220822,531,West_Khasi_Hills,GSI_Bhukosh_validated
25.631875213898805,91.38416671853157,532,West_Khasi_Hills,GSI_Bhukosh_validated
25.485471015580455,91.66701122305463,533,West_Khasi_Hills,GSI_Bhukosh_validated
25.514154334256897,91.51026236248147,534,West_Khasi_Hills,GSI_Bhukosh_validated
25.14032387678422,91.54834661019538,535,West_Khasi_Hills,GSI_Bhukosh_validated
25.664938981446447,91.77512431675426,536,West_Khasi_Hills,GSI_Bhukosh_validated
25.56236792566164,91.59141043613214,537,West_Khasi_Hills,GSI_Bhukosh_validated
25.679641819774737,91.59689329422893,538,West_Khasi_Hills,GSI_Bhukosh_validated
25.87590744686053,91.43430850868228,539,West_Khasi_Hills,GSI_Bhukosh_validated
25.474873866932068,91.34894225987898,540,West_Khasi_Hills,GSI_Bhukosh_validated
25.69947290701275,91.31193434507621,541,West_Khasi_Hills,GSI_Bhukosh_validated
25.312816933117404,91.14605581391233,542,West_Khasi_Hills,GSI_Bhukosh_validated
25.61029930291126,91.87011728338926,543,West_Khasi_Hills,GSI_Bhukosh_validated
25.31038519862874,91.3014224941701,544,West_Khasi_Hills,GSI_Bhukosh_validated
25.387721587074754,91.46017434775456,545,West_Khasi_Hills,GSI_Bhukosh_validated
25.84452564369602,91.45017360601999,546,West_Khasi_Hills,GSI_Bhukosh_validated
25.465677167862598,91.55533320560563,547,West_Khasi_Hills,GSI_Bhukosh_validated
25.53913791717235,91.64683269825707,548,West_Khasi_Hills,GSI_Bhukosh_validated
25.656612191523976,91.65488522790476,549,West_Khasi_Hills,GSI_Bhukosh_validated
25.58922273983507,91.39504606105758,550,West_Khasi_Hills,GSI_Bhukosh_validated
25.527075402925842,91.46991809151845,551,West_Khasi_Hills,GSI_Bhukosh_validated
25.56569298044392,91.5508643910879,552,West_Khasi_Hills,GSI_Bhukosh_validated
25.93261480534289,91.45523559728696,553,West_Khasi_Hills,GSI_Bhukosh_validated
25.489628616533956,91.7893222036836,554,West_Khasi_Hills,GSI_Bhukosh_validated
25.536197828408696,91.58837549129488,555,West_Khasi_Hills,GSI_Bhukosh_validated
25.68911779128137,91.63227800148897,556,West_Khasi_Hills,GSI_Bhukosh_validated
25.698994667932435,91.61931862836013,557,West_Khasi_Hills,GSI_Bhukosh_validated
25.713665455000868,91.71122529434736,558,West_Khasi_Hills,GSI_Bhukosh_validated
25.614971439965252,91.53258388056666,559,West_Khasi_Hills,GSI_Bhukosh_validated
25.294259115708513,91.26657024936794,560,West_Khasi_Hills,GSI_Bhukosh_validated
25.794017675814196,91.57194383131548,561,West_Khasi_Hills,GSI_Bhukosh_validated
25.293657829256635,91.38275575911747,562,West_Khasi_Hills,GSI_Bhukosh_validated
25.554474383743027,91.40484899728504,563,West_Khasi_Hills,GSI_Bhukosh_validated
25.364230346996514,91.60554552337592,564,West_Khasi_Hills,GSI_Bhukosh_validated
25.48845509761326,91.72289095285805,565,West_Khasi_Hills,GSI_Bhukosh_validated
25.559177233854626,91.50382888381249,566,West_Khasi_Hills,GSI_Bhukosh_validated
25.55784429878105,91.55558994226782,567,West_Khasi_Hills,GSI_Bhukosh_validated
25.57594573576235,91.80639869003434,568,West_Khasi_Hills,GSI_Bhukosh_validated
25.790468028430556,91.54333557230794,569,West_Khasi_Hills,GSI_Bhukosh_validated
25.581636174272518,91.96830296055248,570,West_Khasi_Hills,GSI_Bhukosh_validated
25.456051805647682,91.60179173621368,571,West_Khasi_Hills,GSI_Bhukosh_validated
25.673535690291903,91.18306270335195,572,West_Khasi_Hills,GSI_Bhukosh_validated
25.714104688006437,91.63560149179881,573,West_Khasi_Hills,GSI_Bhukosh_validated
25.27903059327534,91.5686085092789,574,West_Khasi_Hills,GSI_Bhukosh_validated
25.607532012572975,91.7321554957349,575,West_Khasi_Hills,GSI_Bhukosh_validated
25.62621109361596,91.62117264322859,576,West_Khasi_Hills,GSI_Bhukosh_validated
25.4464385693952,91.47507792288292,577,West_Khasi_Hills,GSI_Bhukosh_validated
25.74762722639609,91.27962631746792,578,West_Khasi_Hills,GSI_Bhukosh_validated
25.472989994334146,91.46237581368851,579,West_Khasi_Hills,GSI_Bhukosh_validated
25.52260376162488,91.34690631824233,580,West_Khasi_Hills,GSI_Bhukosh_validated
25.468847071628904,91.39550577903515,581,West_Khasi_Hills,GSI_Bhukosh_validated
25.502804228564663,91.60594411279571,582,West_Khasi_Hills,GSI_Bhukosh_validated
25.302670484358863,91.80058281078325,583,West_Khasi_Hills,GSI_Bhukosh_validated
25.240790841133027,91.57104087536814,584,West_Khasi_Hills,GSI_Bhukosh_validated
25.787010911380495,91.28474104883367,585,West_Khasi_Hills,GSI_Bhukosh_validated
25.3475469573027,91.58002848027962,586,West_Khasi_Hills,GSI_Bhukosh_validated
25.321549377097863,91.71539366759622,587,West_Khasi_Hills,GSI_Bhukosh_validated
25.112389779551332,91.39023907722252,588,West_Khasi_Hills,GSI_Bhukosh_validated
25.38498688541589,91.47587690999887,589,West_Khasi_Hills,GSI_Bhukosh_validated
25.26184383718665,91.50264387505126,590,West_Khasi_Hills,GSI_Bhukosh_validated
25.795562728824546,91.35871830364519,591,West_Khasi_Hills,GSI_Bhukosh_validated
25.681767076081673,91.6166904780919,592,West_Khasi_Hills,GSI_Bhukosh_validated
25.37613293786801,91.4782293332506,593,West_Khasi_Hills,GSI_Bhukosh_validated
25.905438444961977,91.57551583990326,594,West_Khasi_Hills,GSI_Bhukosh_validated
25.676717787658486,91.34025140799562,595,West_Khasi_Hills,GSI_Bhukosh_validated
25.44153035096845,91.42125750594178,596,West_Khasi_Hills,GSI_Bhukosh_validated
25.050106971322755,91.630028644409,597,West_Khasi_Hills,GSI_Bhukosh_validated
25.912369663066332,91.43289003262348,598,West_Khasi_Hills,GSI_Bhukosh_validated
25.249876955982554,91.81085349322201,599,West_Khasi_Hills,GSI_Bhukosh_validated
25.20382822554776,91.42806548658938,600,West_Khasi_Hills,GSI_Bhukosh_validated
25.684062677761734,91.54044325063533,601,West_Khasi_Hills,GSI_Bhukosh_validated
25.939155433141067,91.66786634973715,602,West_Khasi_Hills,GSI_Bhukosh_validated
25.749169107331895,91.24469416807206,603,West_Khasi_Hills,GSI_Bhukosh_validated
25.601503641609426,91.18305441384346,604,West_Khasi_Hills,GSI_Bhukosh_validated
25.607055781499753,91.22538186337738,605,West_Khasi_Hills,GSI_Bhukosh_validated
25.653614800580456,91.72726513861689,606,West_Khasi_Hills,GSI_Bhukosh_validated
25.63660714616162,91.40066553373936,607,West_Khasi_Hills,GSI_Bhukosh_validated
25.550614456314488,91.96047587142029,608,West_Khasi_Hills,GSI_Bhukosh_validated
25.518756198711337,91.39843543224167,609,West_Khasi_Hills,GSI_Bhukosh_validated
25.488733236978085,91.53321923457547,610,West_Khasi_Hills,GSI_Bhukosh_validated
25.364286374004,91.77757979146222,611,West_Khasi_Hills,GSI_Bhukosh_validated
25.44947848616398,91.86109671986864,612,West_Khasi_Hills,GSI_Bhukosh_validated
25.19526777344483,91.87107064379455,613,West_Khasi_Hills,GSI_Bhukosh_validated
25.482298867176944,91.71750592150677,614,West_Khasi_Hills,GSI_Bhukosh_validated
25.322053600712835,91.68433125464607,615,West_Khasi_Hills,GSI_Bhukosh_validated
25.30135392290116,91.60665485085622,616,West_Khasi_Hills,GSI_Bhukosh_validated
25.532380947207628,91.64010499371,617,West_Khasi_Hills,GSI_Bhukosh_validated
25.75056041154203,91.40078657106086,618,West_Khasi_Hills,GSI_Bhukosh_validated
25.665296989080417,91.35272420098399,619,West_Khasi_Hills,GSI_Bhukosh_validated
25.217309891347828,91.49939259766603,620,West_Khasi_Hills,GSI_Bhukosh_validated
25.32186693541734,91.46936676794552,621,West_Khasi_Hills,GSI_Bhukosh_validated
25.66933881383788,91.4184189511211,622,West_Khasi_Hills,GSI_Bhukosh_validated
25.323152269163103,91.6253497405422,623,West_Khasi_Hills,GSI_Bhukosh_validated
25.459566033000534,91.6719549375427,624,West_Khasi_Hills,GSI_Bhukosh_validated
25.59900937782442,91.51591323953254,625,West_Khasi_Hills,GSI_Bhukosh_validated
25.325697998124546,91.76595541458995,626,West_Khasi_Hills,GSI_Bhukosh_validated
25.51896759110627,91.29449595945597,627,West_Khasi_Hills,GSI_Bhukosh_validated
25.259875410914724,91.46514129732965,628,West_Khasi_Hills,GSI_Bhukosh_validated
25.39175382408878,91.3709719822915,629,West_Khasi_Hills,GSI_Bhukosh_validated
25.557560748145658,91.16402340892685,630,West_Khasi_Hills,GSI_Bhukosh_validated
25.213261127964298,91.48511747654831,631,West_Khasi_Hills,GSI_Bhukosh_validated
25.57928545283287,91.47808544849102,632,West_Khasi_Hills,GSI_Bhukosh_validated
25.496465196193196,91.77242095378358,633,West_Khasi_Hills,GSI_Bhukosh_validated
25.599448191795087,91.61354610321986,634,West_Khasi_Hills,GSI_Bhukosh_validated
25.54030454413164,91.31564637162074,635,West_Khasi_Hills,GSI_Bhukosh_validated
25.74554527739529,91.83373666194015,636,West_Khasi_Hills,GSI_Bhukosh_validated
25.522540410476623,91.71978606519457,637,West_Khasi_Hills,GSI_Bhukosh_validated
25.422707002597456,91.60477758662435,638,West_Khasi_Hills,GSI_Bhukosh_validated
25.52201355054581,91.45923286220703,639,West_Khasi_Hills,GSI_Bhukosh_validated
25.59779364522655,91.32730093738978,640,West_Khasi_Hills,GSI_Bhukosh_validated
25.50879481265863,91.4330027803072,641,West_Khasi_Hills,GSI_Bhukosh_validated
25.5073065044167,91.69597475154676,642,West_Khasi_Hills,GSI_Bhukosh_validated
25.373641496194786,91.83922553506822,643,West_Khasi_Hills,GSI_Bhukosh_validated
25.380677834840828,91.777783835089,644,West_Khasi_Hills,GSI_Bhukosh_validated
25.247531051076056,91.41200710407847,645,West_Khasi_Hills,GSI_Bhukosh_validated
25.81492381377365,91.29846886200798,646,West_Khasi_Hills,GSI_Bhukosh_validated
25.276104617629567,91.52535952444401,647,West_Khasi_Hills,GSI_Bhukosh_validated
25.375277064396737,91.1816809141987,648,West_Khasi_Hills,GSI_Bhukosh_validated
25.370686692197545,91.55817018855326,649,West_Khasi_Hills,GSI_Bhukosh_validated
25.66108638785,91.47343153446624,650,West_Khasi_Hills,GSI_Bhukosh_validated
25.446909057907433,91.41611342966371,651,West_Khasi_Hills,GSI_Bhukosh_validated
25.724593573081272,91.21295344789198,652,West_Khasi_Hills,GSI_Bhukosh_validated
25.378771687636103,91.59244801918256,653,West_Khasi_Hills,GSI_Bhukosh_validated
25.550218949200286,91.40411384886086,654,West_Khasi_Hills,GSI_Bhukosh_validated
25.349637530413244,91.28941496957215,655,West_Khasi_Hills,GSI_Bhukosh_validated
25.21033459850226,91.92417811454028,656,Jaintia_Hills,GSI_Bhukosh_validated
25.307401581981757,91.94017616321142,657,Jaintia_Hills,GSI_Bhukosh_validated
25.383172672871577,91.95050096143572,658,Jaintia_Hills,GSI_Bhukosh_validated
25.30249524492105,91.94798741693349,659,Jaintia_Hills,GSI_Bhukosh_validated
25.24632137252095,91.96149486175179,660,Jaintia_Hills,GSI_Bhukosh_validated
25.259826960147215,91.93387307190167,661,Jaintia_Hills,GSI_Bhukosh_validated
25.30290633480073,91.91248402275491,662,Jaintia_Hills,GSI_Bhukosh_validated
25.277542688199453,91.84636549727044,663,Jaintia_Hills,GSI_Bhukosh_validated
25.26455183078332,91.96964356059259,664,Jaintia_Hills,GSI_Bhukosh_validated
25.271328148099638,91.93723610381518,665,Jaintia_Hills,GSI_Bhukosh_validated
25.44605902249906,91.89371909432256,666,Jaintia_Hills,GSI_Bhukosh_validated
25.243011561205297,91.7971533638403,667,Jaintia_Hills,GSI_Bhukosh_validated
25.35870245561772,91.98444582022533,668,Jaintia_Hills,GSI_Bhukosh_validated
25.18774735575465,91.92276623996555,669,Jaintia_Hills,GSI_Bhukosh_validated
25.273184082115378,91.95709281627573,670,Jaintia_Hills,GSI_Bhukosh_validated
25.171863649410497,91.90953651627119,671,Jaintia_Hills,GSI_Bhukosh_validated
25.439425396312984,91.9929415521057,672,Jaintia_Hills,GSI_Bhukosh_validated
25.188717623897134,91.78765854130151,673,Jaintia_Hills,GSI_Bhukosh_validated
25.457789734430087,91.93771089141332,674,Jaintia_Hills,GSI_Bhukosh_validated
25.210903529716234,91.98849548918322,675,Jaintia_Hills,GSI_Bhukosh_validated
25.262894910754017,91.85734194100684,676,Jaintia_Hills,GSI_Bhukosh_validated
25.214991187970746,91.97673742206398,677,Jaintia_Hills,GSI_Bhukosh_validated
25.11835427288646,91.87445828562353,678,Jaintia_Hills,GSI_Bhukosh_validated
25.274664371340677,91.96354894807808,679,Jaintia_Hills,GSI_Bhukosh_validated
25.706461428914626,91.58086763194336,680,Ri_Bhoi,GSI_Bhukosh_validated
25.51469226684637,91.8266732395371,681,Ri_Bhoi,GSI_Bhukosh_validated
25.519550537808794,91.38232364649227,682,Ri_Bhoi,GSI_Bhukosh_validated
25.818815217662213,91.59818665782309,683,Ri_Bhoi,GSI_Bhukosh_validated
25.4715882160699,91.41214098333802,684,Ri_Bhoi,GSI_Bhukosh_validated
25.896400942988393,91.65454478239374,685,Ri_Bhoi,GSI_Bhukosh_validated
25.51490688980282,91.73303310851459,686,Ri_Bhoi,GSI_Bhukosh_validated
25.745758788841258,91.53688573094783,687,Ri_Bhoi,GSI_Bhukosh_validated
25.60070722863765,91.20936792150593,688,Ri_Bhoi,GSI_Bhukosh_validated
25.74047811466235,91.62984222201946,689,Ri_Bhoi,GSI_Bhukosh_validated
25.56838289968287,91.66551078276002,690,Ri_Bhoi,GSI_Bhukosh_validated
25.625581064089154,91.66064421324425,691,Ri_Bhoi,GSI_Bhukosh_validated
25.656137876309355,91.78536732877332,692,Ri_Bhoi,GSI_Bhukosh_validated
25.49967188163278,91.43934194805264,693,Ri_Bhoi,GSI_Bhukosh_validated
25.76112365181302,91.70203241581756,694,Ri_Bhoi,GSI_Bhukosh_validated
25.573017965029262,91.7788761268717,695,Ri_Bhoi,GSI_Bhukosh_validated
25.615710012698997,91.33321186239901,696,Ri_Bhoi,GSI_Bhukosh_validated
25.50084759380872,91.64794777388784,697,Ri_Bhoi,GSI_Bhukosh_validated
25.265649951180702,91.52437302534884,698,Ri_Bhoi,GSI_Bhukosh_validated
25.621345835609972,91.58777159903475,699,Ri_Bhoi,GSI_Bhukosh_validated
25.767690643184704,91.52691571538296,700,Ri_Bhoi,GSI_Bhukosh_validated
25.647110943039838,91.49864378812575,701,Ri_Bhoi,GSI_Bhukosh_validated
25.61056637561876,91.6051228626232,702,Ri_Bhoi,GSI_Bhukosh_validated
25.653369883921805,91.43691310917058,703,Ri_Bhoi,GSI_Bhukosh_validated
25.73206786727628,91.43712623066722,704,Ri_Bhoi,GSI_Bhukosh_validated
25.472878077703673,91.70190599244347,705,Ri_Bhoi,GSI_Bhukosh_validated
25.81714825420033,91.4276808947262,706,Ri_Bhoi,GSI_Bhukosh_validated
25.757307197316184,91.69994687513638,707,Ri_Bhoi,GSI_Bhukosh_validated
25.75772785885619,91.66938869392808,708,Ri_Bhoi,GSI_Bhukosh_validated
25.715771360821456,91.34112899068141,709,Ri_Bhoi,GSI_Bhukosh_validated
25.6529424986541,91.49836530214965,710,Ri_Bhoi,GSI_Bhukosh_validated
25.750929185395023,91.7791164104571,711,Ri_Bhoi,GSI_Bhukosh_validated
25.738772120061206,91.45282517032904,712,Ri_Bhoi,GSI_Bhukosh_validated
25.596893893358846,91.53033936065358,713,Ri_Bhoi,GSI_Bhukosh_validated
25.563959734065463,91.66930913398778,714,Ri_Bhoi,GSI_Bhukosh_validated
25.665278444289296,91.71750857639239,715,Ri_Bhoi,GSI_Bhukosh_validated
25.882353022724278,91.56226916709332,716,Ri_Bhoi,GSI_Bhukosh_validated
25.464133938651912,91.51037347079625,717,Ri_Bhoi,GSI_Bhukosh_validated
25.429871210137133,91.81335547925477,718,Ri_Bhoi,GSI_Bhukosh_validated
25.674714126185474,91.86083494956964,719,Ri_Bhoi,GSI_Bhukosh_validated
25.6576331552784,91.74682870761727,720,Ri_Bhoi,GSI_Bhukosh_validated
25.67600124965556,91.61279772138475,721,Ri_Bhoi,GSI_Bhukosh_validated
25.686592979686274,91.47876014175385,722,Ri_Bhoi,GSI_Bhukosh_validated
25.616519661804777,91.4754333390165,723,Ri_Bhoi,GSI_Bhukosh_validated
25.87347951579031,91.67837711578986,724,Ri_Bhoi,GSI_Bhukosh_validated
25.40986440322852,91.6627597331333,725,Ri_Bhoi,GSI_Bhukosh_validated
25.525725446282962,91.81023978894196,726,Ri_Bhoi,GSI_Bhukosh_validated
25.63451178597764,91.69756751388041,727,Ri_Bhoi,GSI_Bhukosh_validated
25.403521678326875,91.37453795473603,728,Ri_Bhoi,GSI_Bhukosh_validated
25.623621839335186,91.75779214265843,729,Ri_Bhoi,GSI_Bhukosh_validated
25.899220524859203,91.45029090590283,730,Ri_Bhoi,GSI_Bhukosh_validated
25.653132973244393,91.54240430920714,731,Ri_Bhoi,GSI_Bhukosh_validated
25.6846051358578,91.63753003093775,732,Ri_Bhoi,GSI_Bhukosh_validated
25.460975285224112,91.89935012346758,733,Ri_Bhoi,GSI_Bhukosh_validated
25.59372054295141,91.69100845887043,734,Ri_Bhoi,GSI_Bhukosh_validated
25.602342735486562,91.57252050719194,735,Ri_Bhoi,GSI_Bhukosh_validated
25.842246569250563,91.68017584727208,736,Ri_Bhoi,GSI_Bhukosh_validated
25.733653659108768,91.73314831388107,737,Ri_Bhoi,GSI_Bhukosh_validated
25.483281306459443,91.55189985616641,738,Ri_Bhoi,GSI_Bhukosh_validated
25.6869757167648,91.86928170338685,739,Ri_Bhoi,GSI_Bhukosh_validated
25.724733262274516,91.6345106138787,740,Ri_Bhoi,GSI_Bhukosh_validated
25.82102235577819,91.6746614633637,741,Ri_Bhoi,GSI_Bhukosh_validated
25.887081102985256,91.69988863780816,742,Ri_Bhoi,GSI_Bhukosh_validated
25.497735871225817,91.66323799159217,743,Ri_Bhoi,GSI_Bhukosh_validated
25.528371373318446,91.72584107507043,744,Ri_Bhoi,GSI_Bhukosh_validated
25.461363321162807,91.50741202201796,745,Ri_Bhoi,GSI_Bhukosh_validated
25.614897021133952,91.5162547369081,746,Ri_Bhoi,GSI_Bhukosh_validated
25.719953756166948,91.43497686505424,747,Ri_Bhoi,GSI_Bhukosh_validated
25.798100177488365,91.66592518459302,748,Ri_Bhoi,GSI_Bhukosh_validated
25.63860734645362,91.71684047552681,749,Ri_Bhoi,GSI_Bhukosh_validated
25.60202287151177,91.66866592992278,750,Ri_Bhoi,GSI_Bhukosh_validated
25.67276369883731,91.85117386500212,751,Ri_Bhoi,GSI_Bhukosh_validated
25.524728564755495,91.59916059717564,752,Ri_Bhoi,GSI_Bhukosh_validated
25.963430808254216,91.70031124833888,753,Ri_Bhoi,GSI_Bhukosh_validated
25.40885084593229,91.4362448685791,754,Ri_Bhoi,GSI_Bhukosh_validated
25.677711086834357,91.54193504462883,755,Ri_Bhoi,GSI_Bhukosh_validated
25.953540932884444,91.70433066363486,756,Ri_Bhoi,GSI_Bhukosh_validated
25.651019976683997,91.72736531661147,757,Ri_Bhoi,GSI_Bhukosh_validated
25.621494144749775,91.55590495785037,758,Ri_Bhoi,GSI_Bhukosh_validated
25.596383186578436,91.58926011222128,759,Ri_Bhoi,GSI_Bhukosh_validated
25.62294124773564,91.37231893799787,760,Ri_Bhoi,GSI_Bhukosh_validated
25.855927271201477,91.54644561987901,761,Ri_Bhoi,GSI_Bhukosh_validated
25.318220713300573,91.73355747452796,762,Ri_Bhoi,GSI_Bhukosh_validated
25.88001505519445,91.68628075241598,763,Ri_Bhoi,GSI_Bhukosh_validated
25.43640642713248,91.67509985820718,764,Ri_Bhoi,GSI_Bhukosh_validated
25.610002150614836,91.60746605307713,765,Ri_Bhoi,GSI_Bhukosh_validated
25.5856133369552,91.60105947379422,766,Ri_Bhoi,GSI_Bhukosh_validated
25.738282990465606,91.50095182907897,767,Ri_Bhoi,GSI_Bhukosh_validated
25.410281347217435,91.70482426303037,768,Ri_Bhoi,GSI_Bhukosh_validated
25.71932589991229,91.6631459416584,769,Ri_Bhoi,GSI_Bhukosh_validated
25.953646443493028,91.67380282719891,770,Ri_Bhoi,GSI_Bhukosh_validated
25.445523899311077,91.52109477359986,771,Ri_Bhoi,GSI_Bhukosh_validated
25.67845592514156,91.2769985620193,772,Ri_Bhoi,GSI_Bhukosh_validated
25.55070267333051,91.76457290676305,773,Ri_Bhoi,GSI_Bhukosh_validated
25.713883080928955,91.52817438159873,774,Ri_Bhoi,GSI_Bhukosh_validated
25.65287216661236,91.47058363539352,775,Ri_Bhoi,GSI_Bhukosh_validated
25.55377696364335,91.70402183678709,776,Ri_Bhoi,GSI_Bhukosh_validated
25.72318084273066,91.54119810401212,777,Ri_Bhoi,GSI_Bhukosh_validated
25.92065221646801,91.75899045760698,778,Ri_Bhoi,GSI_Bhukosh_validated
25.621364431240902,91.6925508924365,779,Ri_Bhoi,GSI_Bhukosh_validated
25.757963691322225,91.70253539848007,780,Ri_Bhoi,GSI_Bhukosh_validated
25.456009056319324,91.39510664331992,781,Ri_Bhoi,GSI_Bhukosh_validated
25.506534543477297,91.78179159780795,782,Ri_Bhoi,GSI_Bhukosh_validated
25.720860941682055,91.63918757968507,783,Ri_Bhoi,GSI_Bhukosh_validated
25.872617404280394,91.54460842911307,784,Ri_Bhoi,GSI_Bhukosh_validated
25.703342002317846,91.62150827010133,785,Ri_Bhoi,GSI_Bhukosh_validated
25.603041295421527,91.33356471506525,786,Ri_Bhoi,GSI_Bhukosh_validated
25.6498937108135,91.6612979217221,787,Ri_Bhoi,GSI_Bhukosh_validated
25.46243883990454,91.44559427377268,788,Ri_Bhoi,GSI_Bhukosh_validated
25.740677298953305,91.39709945712346,789,Ri_Bhoi,GSI_Bhukosh_validated
25.78234995934851,91.3716461220673,790,Ri_Bhoi,GSI_Bhukosh_validated
25.582186450075035,91.76690325624848,791,Ri_Bhoi,GSI_Bhukosh_validated
25.579493677836073,91.50561049094608,792,Ri_Bhoi,GSI_Bhukosh_validated
25.689881734447805,91.83005915648747,793,Ri_Bhoi,GSI_Bhukosh_validated
25.584492039593908,91.51962978054215,794,Ri_Bhoi,GSI_Bhukosh_validated
25.640080107806124,91.34389630636105,795,Ri_Bhoi,GSI_Bhukosh_validated
25.964958268374975,91.43252133400769,796,Ri_Bhoi,GSI_Bhukosh_validated
25.6129461448881,91.78537174300104,797,Ri_Bhoi,GSI_Bhukosh_validated
25.596248977196815,91.5766152733095,798,Ri_Bhoi,GSI_Bhukosh_validated
25.552868729154724,91.5177569055264,799,Ri_Bhoi,GSI_Bhukosh_validated
25.761628795724988,91.62400273387792,800,Ri_Bhoi,GSI_Bhukosh_validated
25.622816374017283,91.67526741042512,801,Ri_Bhoi,GSI_Bhukosh_validated
25.552594044251784,91.76760982238537,802,Ri_Bhoi,GSI_Bhukosh_validated
25.84819560484095,91.81727488448394,803,Ri_Bhoi,GSI_Bhukosh_validated
25.862940450677044,91.54603470313162,804,Ri_Bhoi,GSI_Bhukosh_validated
25.55993646513919,91.40109284708768,805,Ri_Bhoi,GSI_Bhukosh_validated
25.370019007295905,91.5379802258315,806,Ri_Bhoi,GSI_Bhukosh_validated
25.801127053475536,91.63904207598743,807,Ri_Bhoi,GSI_Bhukosh_validated
25.547305526135997,91.4554361610684,808,Ri_Bhoi,GSI_Bhukosh_validated
25.768593839874413,91.45642736276574,809,Ri_Bhoi,GSI_Bhukosh_validated
25.354484427343223,91.65156818223248,810,Ri_Bhoi,GSI_Bhukosh_validated
25.783889600744896,91.59270214726443,811,Ri_Bhoi,GSI_Bhukosh_validated
25.468324210607882,91.60491954931173,812,Ri_Bhoi,GSI_Bhukosh_validated
25.759614617859977,91.48622569979499,813,Ri_Bhoi,GSI_Bhukosh_validated
25.652140960175462,91.56543989286912,814,Ri_Bhoi,GSI_Bhukosh_validated
25.506909087090502,91.46136502835975,815,Ri_Bhoi,GSI_Bhukosh_validated
25.58894455306098,91.7335297616687,816,Ri_Bhoi,GSI_Bhukosh_validated
25.752947768543503,91.75528740020856,817,Ri_Bhoi,GSI_Bhukosh_validated
25.665884167967285,91.32307182066428,818,Ri_Bhoi,GSI_Bhukosh_validated
25.737661947070873,91.46057337097113,819,Ri_Bhoi,GSI_Bhukosh_validated
25.946466087677322,91.37552061173648,820,Ri_Bhoi,GSI_Bhukosh_validated
25.41536375824334,91.50249640983895,821,Ri_Bhoi,GSI_Bhukosh_validated
25.892581886245292,91.58748430453144,822,Ri_Bhoi,GSI_Bhukosh_validated
25.66565339062848,91.38255321704521,823,Ri_Bhoi,GSI_Bhukosh_validated
25.51518239275153,91.46172102803119,824,Ri_Bhoi,GSI_Bhukosh_validated
25.45045295613915,91.44940639418778,825,Ri_Bhoi,GSI_Bhukosh_validated
25.621631941383445,91.63109009940983,826,Ri_Bhoi,GSI_Bhukosh_validated
25.78824751678867,91.61040165055543,827,Ri_Bhoi,GSI_Bhukosh_validated
25.01339149359953,91.20968200253145,828,South_West_Khasi_Hills,GSI_Bhukosh_validated
25.121218504656728,91.17440907378332,829,South_West_Khasi_Hills,GSI_Bhukosh_validated
25.034398389849528,91.62451582104462,830,South_West_Khasi_Hills,GSI_Bhukosh_validated
25.067401386760874,91.4467537012845,831,South_West_Khasi_Hills,GSI_Bhukosh_validated
25.300814250835828,91.29580487217484,832,South_West_Khasi_Hills,GSI_Bhukosh_validated
25.260855326214845,91.4641554903347,833,South_West_Khasi_Hills,GSI_Bhukosh_validated
25.199567890145502,91.40040506079167,834,South_West_Khasi_Hills,GSI_Bhukosh_validated
25.19736758653899,91.43933854074118,835,South_West_Khasi_Hills,GSI_Bhukosh_validated
25.198253317250586,91.2783324857249,836,South_West_Khasi_Hills,GSI_Bhukosh_validated
25.28455183020951,91.4102824593684,837,South_West_Khasi_Hills,GSI_Bhukosh_validated
25.222119376021222,91.29255844131644,838,South_West_Khasi_Hills,GSI_Bhukosh_validated
25.13257943729908,91.35102789930077,839,South_West_Khasi_Hills,GSI_Bhukosh_validated
25.166177153028745,91.28050215262517,840,South_West_Khasi_Hills,GSI_Bhukosh_validated
25.140870705968062,91.47813634901884,841,South_West_Khasi_Hills,GSI_Bhukosh_validated
25.14688351051138,91.5030141339988,842,South_West_Khasi_Hills,GSI_Bhukosh_validated
25.225678124794577,91.40458855939521,843,South_West_Khasi_Hills,GSI_Bhukosh_validated
25.240350799091335,91.22616903024398,844,South_West_Khasi_Hills,GSI_Bhukosh_validated
25.072473110711837,91.3640388022392,845,South_West_Khasi_Hills,GSI_Bhukosh_validated
25.094782766022337,91.393975445955,846,South_West_Khasi_Hills,GSI_Bhukosh_validated
25.161710570722143,91.2665639569071,847,South_West_Khasi_Hills,GSI_Bhukosh_validated
25.1686468930057,91.57570126865029,848,South_West_Khasi_Hills,GSI_Bhukosh_validated
25.092537077960085,91.5196230528159,849,South_West_Khasi_Hills,GSI_Bhukosh_validated
25.234922403184463,91.43367636853883,850,South_West_Khasi_Hills,GSI_Bhukosh_validated
25.059910732282408,91.61103445810342,851,South_West_Khasi_Hills,GSI_Bhukosh_validated
25.167752711107234,91.44465265671283,852,South_West_Khasi_Hills,GSI_Bhukosh_validated
25.097173741895094,91.3936255216379,853,South_West_Khasi_Hills,GSI_Bhukosh_validated
25.07907748905166,91.54682826589024,854,South_West_Khasi_Hills,GSI_Bhukosh_validated
25.127036950644914,91.53157630805731,855,South_West_Khasi_Hills,GSI_Bhukosh_validated
25.055656768539997,91.32491872550047,856,South_West_Khasi_Hills,GSI_Bhukosh_validated
25.0842232885194,91.24169033664815,857,South_West_Khasi_Hills,GSI_Bhukosh_validated
25.19912566057298,91.37564232351252,858,South_West_Khasi_Hills,GSI_Bhukosh_validated
25.047588291531415,91.30399537227228,859,South_West_Khasi_Hills,GSI_Bhukosh_validated
25.30995006850465,91.5484925761621,860,South_West_Khasi_Hills,GSI_Bhukosh_validated
25.265774489442858,91.34512380138959,861,South_West_Khasi_Hills,GSI_Bhukosh_validated
25.182764936629425,91.406962728177,862,South_West_Khasi_Hills,GSI_Bhukosh_validated
25.03964302753384,91.50181170586464,863,South_West_Khasi_Hills,GSI_Bhukosh_validated
25.13161846583973,91.13037327992186,864,South_West_Khasi_Hills,GSI_Bhukosh_validated
25.13530689548162,91.32719596462817,865,South_West_Khasi_Hills,GSI_Bhukosh_validated
25.071871063962043,91.42535404307354,866,South_West_Khasi_Hills,GSI_Bhukosh_validated
25.005948120129634,91.54400947477123,867,South_West_Khasi_Hills,GSI_Bhukosh_validated
25.01713507372205,91.34097170629926,868,South_West_Khasi_Hills,GSI_Bhukosh_validated
25.000181335012346,91.47436537351594,869,South_West_Khasi_Hills,GSI_Bhukosh_validated
25.09193860519408,91.32375651334092,870,South_West_Khasi_Hills,GSI_Bhukosh_validated
25.014108801306712,91.25724000090916,871,South_West_Khasi_Hills,GSI_Bhukosh_validated
25.181846247885517,91.32507855323442,872,South_West_Khasi_Hills,GSI_Bhukosh_validated
25.278469538640312,91.3778569570813,873,South_West_Khasi_Hills,GSI_Bhukosh_validated
25.030393611035596,91.32743064025541,874,South_West_Khasi_Hills,GSI_Bhukosh_validated
25.128728540064248,91.13533207314812,875,South_West_Khasi_Hills,GSI_Bhukosh_validated
25.159962213236355,91.50764794362647,876,South_West_Khasi_Hills,GSI_Bhukosh_validated
25.156640272510316,91.55298500495346,877,South_West_Khasi_Hills,GSI_Bhukosh_validated
25.109114632149932,91.47818263896075,878,South_West_Khasi_Hills,GSI_Bhukosh_validated
25.189121890203168,91.26347771954903,879,South_West_Khasi_Hills,GSI_Bhukosh_validated
25.15786987432168,91.3758210159263,880,South_West_Khasi_Hills,GSI_Bhukosh_validated
25.204298727726716,91.47185532674743,881,South_West_Khasi_Hills,GSI_Bhukosh_validated
25.20647490047201,91.48020085864617,882,South_West_Khasi_Hills,GSI_Bhukosh_validated
25.00840566749857,91.31189914414658,883,South_West_Khasi_Hills,GSI_Bhukosh_validated
25.104552540253714,91.40983946676964,884,South_West_Khasi_Hills,GSI_Bhukosh_validated
25.18199947913733,91.45487364855383,885,South_West_Khasi_Hills,GSI_Bhukosh_validated
25.07488234165048,91.57469867865761,886,South_West_Khasi_Hills,GSI_Bhukosh_validated
25.228757365731923,91.48454078477897,887,South_West_Khasi_Hills,GSI_Bhukosh_validated
25.383664699354323,91.49468680248506,888,South_West_Khasi_Hills,GSI_Bhukosh_validated
25.005681676083803,91.41005919535152,889,South_West_Khasi_Hills,GSI_Bhukosh_validated
25.136458231472588,91.44917153551515,890,South_West_Khasi_Hills,GSI_Bhukosh_validated
25.18658750061514,91.29666945077918,891,South_West_Khasi_Hills,GSI_Bhukosh_validated
25.072296035138628,91.56840439641503,892,South_West_Khasi_Hills,GSI_Bhukosh_validated
25.274391279598525,91.48374839270468,893,South_West_Khasi_Hills,GSI_Bhukosh_validated
25.183150234763794,91.3424608439121,894,South_West_Khasi_Hills,GSI_Bhukosh_validated
25.027296701508934,91.43558906541689,895,South_West_Khasi_Hills,GSI_Bhukosh_validated
25.306325348744878,91.45558217543211,896,South_West_Khasi_Hills,GSI_Bhukosh_validated
25.339101842380174,91.42367507187575,897,South_West_Khasi_Hills,GSI_Bhukosh_validated
25.008001209466,91.43735704081315,898,South_West_Khasi_Hills,GSI_Bhukosh_validated
25.034053143690972,91.60399488494917,899,South_West_Khasi_Hills,GSI_Bhukosh_validated
25.203150546437577,91.52858517826819,900,South_West_Khasi_Hills,GSI_Bhukosh_validated
25.05354432202526,91.4228762709518,901,South_West_Khasi_Hills,GSI_Bhukosh_validated
25.09455065384813,91.51295726969211,902,South_West_Khasi_Hills,GSI_Bhukosh_validated
25.10304661046509,91.2760971315767,903,South_West_Khasi_Hills,GSI_Bhukosh_validated
25.098339470468694,91.61711676196798,904,South_West_Khasi_Hills,GSI_Bhukosh_validated
25.0172326671123,91.37383449255292,905,South_West_Khasi_Hills,GSI_Bhukosh_validated
25.04082526131203,91.29828392856571,906,South_West_Khasi_Hills,GSI_Bhukosh_validated
25.27323584041626,91.32174933336884,907,South_West_Khasi_Hills,GSI_Bhukosh_validated
25.19758462240976,91.30582857102468,908,South_West_Khasi_Hills,GSI_Bhukosh_validated
25.066524448360184,91.3555390281692,909,South_West_Khasi_Hills,GSI_Bhukosh_validated
25.0664287797805,91.23133195769857,910,South_West_Khasi_Hills,GSI_Bhukosh_validated
25.194844627526205,91.40187420007396,911,South_West_Khasi_Hills,GSI_Bhukosh_validated
25.14080615534827,91.50827326085441,912,South_West_Khasi_Hills,GSI_Bhukosh_validated
25.168473559666346,91.29106925838238,913,South_West_Khasi_Hills,GSI_Bhukosh_validated
25.216182159263944,91.58231407083701,914,South_West_Khasi_Hills,GSI_Bhukosh_validated
25.060242994018,91.46129505062332,915,South_West_Khasi_Hills,GSI_Bhukosh_validated
25.026531591859072,91.5236696702749,916,South_West_Khasi_Hills,GSI_Bhukosh_validated
25.000950736402526,91.502543027248,917,South_West_Khasi_Hills,GSI_Bhukosh_validated
25.45389133103705,91.26896793195257,918,South_West_Khasi_Hills,GSI_Bhukosh_validated
25.249361549688416,91.50682970010038,919,South_West_Khasi_Hills,GSI_Bhukosh_validated
25.15782392740622,91.25892864732502,920,South_West_Khasi_Hills,GSI_Bhukosh_validated
25.165671775685357,91.2925916189268,921,South_West_Khasi_Hills,GSI_Bhukosh_validated
25.165866060238084,91.47166738619042,922,South_West_Khasi_Hills,GSI_Bhukosh_validated
25.069405304773557,91.2861982394931,923,South_West_Khasi_Hills,GSI_Bhukosh_validated
25.084945488799654,91.4555847550519,924,South_West_Khasi_Hills,GSI_Bhukosh_validated
25.139345542899125,91.23594346322477,925,South_West_Khasi_Hills,GSI_Bhukosh_validated
25.1103071607552,91.50178090552001,926,South_West_Khasi_Hills,GSI_Bhukosh_validated
25.07242404433098,91.46627599252155,927,South_West_Khasi_Hills,GSI_Bhukosh_validated
25.121025370269024,91.31638738178846,928,South_West_Khasi_Hills,GSI_Bhukosh_validated
25.458231080312412,91.46984318805018,929,South_West_Khasi_Hills,GSI_Bhukosh_validated
25.14409779985692,91.43125307160003,930,South_West_Khasi_Hills,GSI_Bhukosh_validated
25.062376437659314,91.33533897725688,931,South_West_Khasi_Hills,GSI_Bhukosh_validated
25.21061618023727,91.27897343791086,932,South_West_Khasi_Hills,GSI_Bhukosh_validated
25.157922546465105,91.1644849169993,933,South_West_Khasi_Hills,GSI_Bhukosh_validated
25.150411338854223,91.44195800567597,934,South_West_Khasi_Hills,GSI_Bhukosh_validated
25.17282207118588,91.21222366743656,935,South_West_Khasi_Hills,GSI_Bhukosh_validated
25.346785227779545,91.41144130393296,936,South_West_Khasi_Hills,GSI_Bhukosh_validated
25.156835849217376,91.48149713305259,937,South_West_Khasi_Hills,GSI_Bhukosh_validated
25.16666151756107,91.36046626563835,938,South_West_Khasi_Hills,GSI_Bhukosh_validated
25.04991598236739,91.4402069634901,939,South_West_Khasi_Hills,GSI_Bhukosh_validated
25.06458921029145,91.43793871486194,940,South_West_Khasi_Hills,GSI_Bhukosh_validated
25.217098006321365,91.45631211077703,941,South_West_Khasi_Hills,GSI_Bhukosh_validated
25.210214533273092,91.21573134521515,942,South_West_Khasi_Hills,GSI_Bhukosh_validated
25.106592093319982,91.47349625528163,943,South_West_Khasi_Hills,GSI_Bhukosh_validated
25.0148504174301,91.27799802457082,944,South_West_Khasi_Hills,GSI_Bhukosh_validated
25.073957953949076,91.3952831254847,945,South_West_Khasi_Hills,GSI_Bhukosh_validated
25.062982065385302,91.3838603858718,946,South_West_Khasi_Hills,GSI_Bhukosh_validated
25.391205978361462,91.44006319598823,947,South_West_Khasi_Hills,GSI_Bhukosh_validated
25.151955179043284,91.57176401381975,948,South_West_Khasi_Hills,GSI_Bhukosh_validated
25.03222711949949,91.24253369678824,949,South_West_Khasi_Hills,GSI_Bhukosh_validated
25.22256599545153,91.47464839883673,950,South_West_Khasi_Hills,GSI_Bhukosh_validated
25.350613132744392,91.55947199834425,951,South_West_Khasi_Hills,GSI_Bhukosh_validated
