source_line,latitude,longitude,district,event_date,event_year,date_precision,source_row,event_datetime,grid_lat_idx,grid_lon_idx,grid_distance_km
628,25.57822,91.86545,East Khasi Hills,2014-09-23,2014,day,East Khasi Hills     Barapathar                       Barapathar                     25.57822     91.86545    Debris          Slide        23 September 2014,2014-09-23,0,0,0.0
850,25.95847,91.85406,Ri-Bhoi,2014-09-23,2014,day,Ri-Bhoi    Shangbangla                  GS road                           25.95847    91.85406    Debris            Slide      23 September 2014 at 09.00hrs and,2014-09-23,0,0,0.0
938,25.97255556,91.86241667,Ri-Bhoi,2014-10-05,2014,day,"Ri-Bhoi            Umling Slide (adjacent to Kargil Petrol Guwahati-Shillong road (NH-40) 25.97255556   91.86241667   Debris with            Slide   2012, 05 October 2014 at 5.30pm",2014-10-05,0,0,0.0
858,25.97256,91.86242,Ri-Bhoi,2014-10-05,2014,day,"Ri-Bhoi    Umling                       Guwahati-Shillong road (NH-40) 25.97256       91.86242    Debris            Slide      2012, 05 October 2014 at 5:30 pm",2014-10-05,0,0,0.0
867,26.00294,91.86692,Ri-Bhoi,2014-09-23,2014,day,Ri-Bhoi    19 Mile                      GS Road                           26.00294    91.86692    Debris            Slide      23 September 2014,2014-09-23,0,0,0.0
870,26.01061,91.86886,Ri-Bhoi,2014-08-23,2014,day,"Ri-Bhoi    17 Mile C                    GS Road                           26.01061    91.86886    Debris            Slide      20-23 August, 2014",2014-08-23,0,0,0.0
874,26.02547,91.87158,Ri-Bhoi,2014-09-20,2014,day,Ri-Bhoi    17 Mile B                    GS road                           26.02547    91.87158    Earth             Slide      20 September 2014,2014-09-20,0,0,0.0
748,25.663444,91.915944,Ri-Bhoi,2017-06-17,2017,day,Ri-Bhoi            Tharia slide                        Tharia village               25.663444      91.915944     Debris          Slide        17 June 2017,2017-06-17,0,0,0.0
950,25.64911111,91.899,East Khasi Hills,2019-07-11,2019,day,"East Khasi Hills     Guwahati-Shillong Road, Near Umiam Umiam Landslide-II            25.64911111   91.899        Debris               Slide       2018,11 July 2019",2019-07-11,0,0,0.0
955,25.18688889,91.39855556,East Khasi Hills,2019-06-27,2019,day,East Khasi Hills     Balat-Shella road                  Balat 4 km Slide              25.18688889   91.39855556   Debris               Slide       27 June 2019,2019-06-27,0,0,0.0
952,25.22194444,91.38422222,East Khasi Hills,2019-06-27,2019,day,East Khasi Hills     Balat road                         Balat road slide - II         25.22194444   91.38422222   Debris               Slide       27 June 2019,2019-06-27,0,0,0.0
951,25.23211111,91.37252778,East Khasi Hills,2019-06-27,2019,day,East Khasi Hills     Balat road slide - I               Pomblang Landslide            25.23211111   91.37252778   Debris               Slide       27 June 2019,2019-06-27,0,0,0.0
945,25.281,91.57330556,East Khasi Hills,2019-07-07,2019,day,"East Khasi Hills     Mawsynram, East Khasi Hills District, Mawsynram - Lawbah         25.281        91.57330556   Debris               Slide       7 July 2019",2019-07-07,0,0,0.0
942,25.563,91.885,East Khasi Hills,2019-07-09,2019,day,"East Khasi Hills   Malki, East Khasi Hills district,    Malki Slide                     25.563          91.885        Debris                 Slide   9 July 2019 at 2.00 pm",2019-07-09,0,0,0.0
944,25.56663056,91.91370556,East Khasi Hills,2019-07-10,2019,day,East Khasi Hills   Rynjah                               Rynjah GSI Office slide         25.56663056     91.91370556   Rock (with thin        Slide   10 July 2019,2019-07-10,0,0,0.0
949,25.6489,91.8965,East Khasi Hills,2019-10-01,2019,day,"East Khasi Hills     Guwahati-Shillong Road, Near Umiam Umiam Landslide-I             25.6489       91.8965       Rock (with thin      Slide       2006, 01 October 2019",2019-10-01,0,0,0.0
981,25.21022222,90.63220278,South Garo Hills,2022-06-17,2022,day,South Garo Hills     Baghmara along the road.           Bhagmara slide                25.21022222   90.63220278   Debris               Slide       17 June 2022,2022-06-17,0,0,0.0
980,25.21273889,90.63216111,South Garo Hills,2022-06-17,2022,day,South Garo Hills     Baghmara (1.5km north west Bhagmara slide                        25.21273889   90.63216111   Debris               Slide       17 June 2022 at 4.30 hrs,2022-06-17,0,0,0.0
290,25.296,91.932,East Khasi Hills,2022-04-04,2022,day,East Khasi Hills         NA                                   NA                              25.296        91.932        Rock            Slide            04 April 2022,2022-04-04,0,0,0.0
991,25.35861111,91.97208333,East Khasi Hills,2022-04-04,2022,day,East Khasi Hills          Umblai village                    Umblai slide                25.35861111   91.97208333   Debris          Slide         4 April 2022 at 7.00hrs,2022-04-04,0,0,0.0
992,25.35908333,91.97433333,East Khasi Hills,2022-04-04,2022,day,East Khasi Hills          Umblai village                    Umblai slide                25.35908333   91.97433333   Debris          flow          4 April 2022 at 7.00hrs,2022-04-04,0,0,0.0
979,25.36103333,91.64700833,South Garo Hills,2022-06-17,2022,day,"South Garo Hills     Ramgmik gittam, Siju               Siju slide                    25.36103333   91.64700833   Debris               Slide       17 June 2022 at 4.30 hrs",2022-06-17,0,0,0.0
982,25.38163333,90.06033889,West Garo Hills,2022-06-09,2022,day,West Garo Hills      Jibalgre village                   Jibalgre slide                25.38163333   90.06033889   Debris               Slide       9 June 2022 at 2.00hrs,2022-06-09,0,0,0.0
993,25.39611111,91.99194444,East Khasi Hills,2022-04-04,2022,day,"East Khasi Hills          Lynshing village, along Mawkynrew Lynshing slide              25.39611111   91.99194444   Debris          Slide         4 April 2022 at 7.00hrs",2022-04-04,0,0,0.0
987,25.44716111,91.59067778,East Khasi Hills,2022-06-15,2022,day,"East Khasi Hills          Nongspung – Laitlarem village road   Laitlarem slide          25.44716111   91.59067778   Debris          Slide         15 June 2022, 8.00 to 9.00hrs",2022-06-15,0,0,0.0
986,25.44743611,91.59103889,East Khasi Hills,2022-06-15,2022,day,"East Khasi Hills          Nongsoung –Laitlarem road            Laitlarem slide          25.44743611   91.59103889   Debris          Slide         15 June 2022, 8.00 to 9.00hrs",2022-06-15,0,0,0.0
985,25.44835,91.59150278,East Khasi Hills,2022-06-15,2022,day,"East Khasi Hills          Nongsoung-Laitlarem road             Laitlarem slide          25.44835      91.59150278   Debris          Slide         15 June 2022, 8.00 to 9.00hrs",2022-06-15,0,0,0.0
984,25.45903056,90.70813333,South Garo Hills,2022-06-17,2022,day,South Garo Hills          Nongal Bibra village                 Nongal Bibra             25.45903056   90.70813333   Debris          Slide         17 June 2022 at 3.000hrs,2022-06-17,0,0,0.0
983,25.45939722,90.70860278,South Garo Hills,2022-06-17,2022,day,South Garo Hills          NongalBibra village                  Nongal Bibra             25.45939722   90.70860278   Debris          Slide         17 June 2022 at 3.000hrs,2022-06-17,0,0,0.0
994,25.365263,91.878497,East Khasi Hills,2023-04-13,2023,day,"East Khasi Hills          NH-40                             Ryngngain slide, before     25.365263     91.878497     Rock            Slide         13 April 2023",2023-04-13,0,0,0.0
995,25.52901389,91.26188611,West Khasi Hills,2023-06-17,2023,day,"West Khasi Hills          Pyndengrei village, Nongstoin     Pyndengrei slide            25.52901389   91.26188611   Debris          Slide         17 June 2023 at 4:00 AM.",2023-06-17,0,0,0.0
691,25.6251,91.9118,East Khasi Hills,2024-05-27,2024,day,East Khasi Hills   NA                              NA                             25.6251       91.9118       Slope cut debris   Slide     27 May 2024,2024-05-27,0,0,0.0
1011,25.34508889,91.60050278,East Khasi Hills,2024-05-28,2024,day,"East Khasi Hills          Mawlynnu(Sixteen)                    Weiloi-Mawsynram Road    25.34508889   91.60050278   Debris          Slide         28 May 2024, morning",2024-05-28,0,0,0.0
998,25.39295833,91.55163333,South West Khasi Hills,2024-05-28,2024,day,South West Khasi Hills    Wamney                            Village Road                25.39295833   91.55163333   Debris          Slide         28 May 2024,2024-05-28,0,0,0.0
1000,25.40288611,91.43424167,South West Khasi Hills,2024-05-28,2024,day,South West Khasi Hills    Mawkyllung                        Mawkyllung-Nongstoin Road   25.40288611   91.43424167   Debris          Fall          28 May 2024,2024-05-28,0,0,0.0
1010,25.41384722,91.67856111,East Khasi Hills,2024-05-28,2024,day,"East Khasi Hills          Ummawiong                            Lyngiang-Tynsad Road     25.41384722   91.67856111   Debris          Slide         28 May 2024, morning",2024-05-28,0,0,0.0
1009,25.44693056,91.74096667,East Khasi Hills,2024-05-28,2024,day,"East Khasi Hills          Mawphlang                            Mawphlang-Weiloi Road    25.44693056   91.74096667   Debris          Topple/Fall   28 May 2024, morning",2024-05-28,0,0,0.0
1003,25.62790278,91.88801944,East Khasi Hills,2024-05-28,2024,day,East Khasi Hills          Mowing Rim                           Shillong-Umiam Road      25.62790278   91.88801944   Debris          Fall          28 May 2024 at 4.00 hrs,2024-05-28,0,0,0.0
1004,25.630403,91.8899195,East Khasi Hills,2024-05-28,2024,day,East Khasi Hills          Mowing Rim                           Shillong-Umiam Road      25.630403     91.8899195    Debris          Subsidence    28 May 2024 at 4.00 hrs,2024-05-28,0,0,0.0
1005,25.630858,91.887601,East Khasi Hills,2024-05-28,2024,day,East Khasi Hills          Mowing Rim                           Shillong-Umiam Road      25.630858     91.887601     Debris          Slide         28 May 2024 at 4.00 hrs,2024-05-28,0,0,0.0
1048,25.68798889,91.65838889,West Khasi Hills,2024-05-28,2024,day,Eastern-West Khasi Hill                                    Mairang-Guwahati Road           25.68798889   91.65838889   Debris          Slide         28 May 2024,2024-05-28,0,0,0.0
1049,25.68805,91.66653,West Khasi Hills,2024-05-28,2024,day,Eastern-West Khasi Hill                                    Nongkhlaw-Guwahati Road         25.68805      91.66653      Debris          Slide         28 May 2024,2024-05-28,0,0,0.0
1053,25.762051,91.658959,West Khasi Hills,2024-05-29,2024,day,Eastern-West Khasi Hill   Boulder Stone Quarry Site        Mairang-Guwahati Road           25.762051     91.658959     Debris          Slide         29 May 2024,2024-05-29,0,0,0.0
1054,25.770935,91.656497,West Khasi Hills,2024-05-29,2024,day,Eastern-West Khasi Hill   Mawpat                           Mairang-Guwahati Road           25.770935     91.656497     Debris          Slide         29 May 2024,2024-05-29,0,0,0.0
1055,25.791616,91.658242,West Khasi Hills,2024-05-29,2024,day,Eastern-West Khasi Hill   Madpan                           Mairang-Guwahati Road           25.791616     91.658242     Debris          Slide         29 May 2024,2024-05-29,0,0,0.0
280,25.28236861,91.73874417,East Khasi Hills,2024-05-30,2024,day,East Khasi Hills         NA                                   NA                              25.28236861   91.73874417   Debris          Slide and flow   30 May 2024 at 02:00 AM.,2024-05-30,0,0,0.0
894,25.29667,91.45986,South West Khasi Hills,2024-06-17,2024,day,South West Khasi Hills   Manad slide-2                       Manad village                  25.29667      91.45986      Debris                 Slide   17 June 2024 at 6:00AM,2024-06-17,0,0,0.0
896,25.29739,91.46201,South West Khasi Hills,2024-06-17,2024,day,South West Khasi Hills   Manad slide-4                       Manad village                  25.29739      91.46201      Debris                 Slide   17 June 2024,2024-06-17,0,0,0.0
895,25.2975,91.46167,South West Khasi Hills,2024-06-17,2024,day,South West Khasi Hills   Manad slide-3                       Manad village                  25.2975       91.46167      Debris                 Slide   17 June 2024 (8:00 to 9:00 AM),2024-06-17,0,0,0.0
897,25.29778,91.45972,South West Khasi Hills,2024-06-15,2024,day,South West Khasi Hills   Lummawbah village slide             Lummawbah village              25.29778      91.45972      Debris                 Slide   15 June 2024(1:00 AM),2024-06-15,0,0,0.0
893,25.29967,91.46108,South West Khasi Hills,2024-06-15,2024,day,South West Khasi Hills   Manad slide-1                       Manad village                  25.29967      91.46108      Debris                 Slide   15 June 2024,2024-06-15,0,0,0.0
999,25.37129167,91.48003056,South West Khasi Hills,2024-06-15,2024,day,South West Khasi Hills    Jakarm                            Mawkyrwat-Shillong Road     25.37129167   91.48003056   Debris          Fall          15 June 2024,2024-06-15,0,0,0.0
1001,25.531739,91.296177,West Khasi Hills,2024-07-02,2024,day,West Khasi Hills          Mawrok Sohsat                        Mairang-Nongstoin Road   25.531739     91.296177     Debris          Slide         02 July 2024,2024-07-02,0,0,0.0
1002,25.540056,91.314142,West Khasi Hills,2024-07-02,2024,day,West Khasi Hills          Sohpian                              Mairang-Nongstoin Road   25.540056     91.314142     Debris          Fall          02 July 2024,2024-07-02,0,0,0.0
997,25.55256111,91.61870278,West Khasi Hills,2024-06-28,2024,day,Eastern-West Khasi Hill   Kynshi                                                        25.55256111   91.61870278   Debris          Fall          28 June 2024,2024-06-28,0,0,0.0
890,25.5667327,91.9146185,East Khasi Hills,2024-10-04,2024,day,East Khasi Hills         NULL                                NULL                           25.5667327    91.9146185    Debris                 Slide   04 October 2024,2024-10-04,0,0,0.0
1035,25.61276111,91.17375278,West Khasi Hills,2024-07-02,2024,day,West Khasi Hills                                           Nongstoin-RongjongTura Road 25.61276111       91.17375278   Debris          Slide         02 July 2024,2024-07-02,0,0,0.0
1034,25.62269444,91.16914444,West Khasi Hills,2024-07-02,2024,day,West Khasi Hills                                           Nongstoin-RongjongTura Road   25.62269444     91.16914444   Debris          Slide         02 July 2024,2024-07-02,0,0,0.0
1006,25.641242,91.894137,East Khasi Hills,2024-07-02,2024,day,East Khasi Hills          Rymbai Petrol Pump(BPCL)             Shillong-Umiam Road      25.641242     91.894137     Debris          Fall          02 July 2024,2024-07-02,0,0,0.0
1008,25.64887222,91.89692778,East Khasi Hills,2024-07-02,2024,day,East Khasi Hills          Umiam Lake                           Umiam Road               25.64887222   91.89692778   Debris          Slide         02 July 2024,2024-07-02,0,0,0.0
1007,25.65057222,91.89351389,East Khasi Hills,2024-07-02,2024,day,East Khasi Hills          Mowing Rim                           Umiam Road               25.65057222   91.89351389   Debris          Fall          02 July 2024,2024-07-02,0,0,0.0
1016,25.65308889,91.89803889,East Khasi Hills,2024-07-01,2024,day,East Khasi Hills          Umiam Hydal Project                  GS Road                  25.65308889   91.89803889   Debris          Slide         01 July 2024,2024-07-01,0,0,0.0
1017,25.65341111,91.89819444,East Khasi Hills,2024-07-01,2024,day,East Khasi Hills          Umiam Hydal Project                  GS Road                  25.65341111   91.89819444   Debris          Slide         01 July 2024,2024-07-01,0,0,0.0
1036,25.66156667,91.13485278,West Khasi Hills,2024-07-02,2024,day,West Khasi Hills                                           Nongstoin-RongjongTura Road 25.66156667       91.13485278   Debris          Slide         02 July 2024,2024-07-02,0,0,0.0
1020,25.67517222,91.8983,Ri-Bhoi,2024-06-30,2024,day,Ri-Bhoi                   Umiam Flyover                        Guwahati-Shillong Road   25.67517222   91.8983       Debris          Fall          30 June 2024,2024-06-30,0,0,0.0
1023,25.67546111,91.89726944,Ri-Bhoi,2024-06-30,2024,day,Ri-Bhoi                   Umiam                                NH-6                     25.67546111   91.89726944   Rock            Topple/Fall   30 June 2024,2024-06-30,0,0,0.0
1028,25.68255833,91.90111389,Ri-Bhoi,2024-06-30,2024,day,Ri-Bhoi                   Umbang 1                             NH-6                     25.68255833   91.90111389   Debris          Slide         30 June 2024,2024-06-30,0,0,0.0
1029,25.68591944,91.90256667,Ri-Bhoi,2024-06-30,2024,day,Ri-Bhoi                   Umbang 2                         NH-6                          25.68591944     91.90256667   Debris          Slide         30 June 2024,2024-06-30,0,0,0.0
1042,25.69683611,91.64485556,West Khasi Hills,2024-08-06,2024,day,Eastern-West Khasi Hill                                    Mairang-Guwahati Road           25.69683611   91.64485556   Debris          Slide         06 August 2024,2024-08-06,0,0,0.0
1041,25.69866667,91.64517222,West Khasi Hills,2024-08-06,2024,day,Eastern-West Khasi Hill   Nongkhlaw-Tirotsing 4            Mairang-Guwahati Road           25.69866667   91.64517222   Debris          Slide         06 August 2024,2024-08-06,0,0,0.0
1040,25.70087778,91.642902,West Khasi Hills,2024-10-08,2024,day,Eastern-West Khasi Hill   Nongkhlaw-Tirotsing 3            Mairang-Guwahati Road           25.70087778   91.642902     Debris          Slide         08 October 2024,2024-10-08,0,0,0.0
899,25.781246,91.874475,Ri-Bhoi,2024-07-06,2024,day,Ri-Bhoi                  Umran Dairy slide                   Umran Dairy village            25.781246     91.874475     Earth                  Slide   6 July 2024,2024-07-06,0,0,0.0
1032,25.79744444,91.87408611,Ri-Bhoi,2024-06-14,2024,day,Ri-Bhoi                   Umsamlan 1                       NH-6                          25.79744444     91.87408611   Debris          Slide         14 June 2024,2024-06-14,0,0,0.0
1056,25.803984,91.659801,West Khasi Hills,2024-08-28,2024,day,Eastern-West Khasi Hill                                    Mairang-Guwahati Road           25.803984     91.659801     Debris          Slide         28 August 2024,2024-08-28,0,0,0.0
1033,25.80725833,91.87509444,Ri-Bhoi,2024-07-14,2024,day,Ri-Bhoi                   Umsamlan 2                       NH-6                          25.80725833     91.87509444   Debris          Slide         14 July 2024,2024-07-14,0,0,0.0
