source_line,latitude,longitude,event_date,event_year,date_precision,source_row
947,25.27728056,91.57445,,2014,year,"East Khasi Hills     Mawsynram, East Khasi Hills District, Mawsynram - Lawbah         25.27728056   91.57445      Rock                 Slide       2014"
628,25.57822,91.86545,,2014,year,East Khasi Hills     Barapathar                       Barapathar                     25.57822     91.86545    Debris          Slide        23 September 2014
832,25.92792,91.87717,,2014,year,Ri-Bhoi            Pamdingoh B                    GS road                           25.92792    91.87717    Debris          Slide        August-September 2014
840,25.937,91.87553,,2014,year,Ri-Bhoi    Pamdingoh A                  GS road                     25.937            91.87553    Debris            Slide      2014
911,25.95608333,91.86413889,,2014,year,"Ri-Bhoi                  Pemangla slide ( around 22mile from GS road NH-40                  25.95608333   91.86413889   Variably thick in-situ Slide   25-26, August, 2014, 23 September"
850,25.95847,91.85406,,2014,year,Ri-Bhoi    Shangbangla                  GS road                           25.95847    91.85406    Debris            Slide      23 September 2014 at 09.00hrs and
938,25.97255556,91.86241667,,2014,year,"Ri-Bhoi            Umling Slide (adjacent to Kargil Petrol Guwahati-Shillong road (NH-40) 25.97255556   91.86241667   Debris with            Slide   2012, 05 October 2014 at 5.30pm"
858,25.97256,91.86242,,2014,year,"Ri-Bhoi    Umling                       Guwahati-Shillong road (NH-40) 25.97256       91.86242    Debris            Slide      2012, 05 October 2014 at 5:30 pm"
867,26.00294,91.86692,,2014,year,Ri-Bhoi    19 Mile                      GS Road                           26.00294    91.86692    Debris            Slide      23 September 2014
870,26.01061,91.86886,,2014,year,"Ri-Bhoi    17 Mile C                    GS Road                           26.01061    91.86886    Debris            Slide      20-23 August, 2014"
874,26.02547,91.87158,,2014,year,Ri-Bhoi    17 Mile B                    GS road                           26.02547    91.87158    Earth             Slide      20 September 2014
878,26.02897,91.87197,,2014,year,Ri-Bhoi                  17 mile A                          GS road                         26.02897      91.87197      Earth                  Slide   2014
399,25.382563,91.757675,,2015,year,East Khasi Hills                                       Shillong-Sohra road              25.382563     91.757675   Debris          Slide        2015
464,25.450628,91.817767,,2015,year,East Khasi Hills                                           Shillong-Sohra road              25.450628   91.817767   Debris            Slide      2015
682,25.616596,91.876562,,2015,year,East Khasi Hills                                        NH-40                         25.616596   91.876562     Earth           Slide        2015
706,25.633896,91.891833,,2015,year,East Khasi Hills                                   NH-40                          25.633896     91.891833     Debris             Slide     2015
710,25.637026,91.844464,,2015,year,East Khasi Hills                                   Lum- Diengei Rd                25.637026     91.844464     Debris             Slide     2015
807,25.759278,91.882861,,2015,year,Ri-Bhoi            47.020 chainage slide          NH6                        25.759278          91.882861   Earth           Slide        2015
808,25.760611,91.88225,,2015,year,Ri-Bhoi            46.720 chainage slide          NH6                        25.760611          91.88225    Earth           Slide        2015
811,25.787,91.876583,,2015,year,Ri-Bhoi            43.030 chainage slide          NH6                               25.787      91.876583   Earth           Slide        2015
824,25.852222,91.881361,,2015,year,Ri-Bhoi            34.300 chainage slide          NH6                               25.852222   91.881361   Earth           Slide        2015
825,25.853111,91.881583,,2015,year,Ri-Bhoi            34.190 chainage slide          NH6                               25.853111   91.881583   Debris          Slide        2015
827,25.865894,91.880278,,2015,year,Ri-Bhoi            Umdihar                        NH6                               25.865894   91.880278   Earth           Slide        2015
833,25.927972,91.877194,,2015,year,Ri-Bhoi            Krosia slide                   NH6                               25.927972   91.877194   Earth           Slide        2015
845,25.951106,91.968889,,2015,year,Ri-Bhoi    yrn                          SH                         25.951106          91.968889   Earth             Slide      2015
848,25.956333,91.85725,,2015,year,Ri-Bhoi    Lumjana Slide II             NH6                               25.956333   91.85725    Earth             Slide      2015
849,25.956781,91.852883,,2015,year,Ri-Bhoi    Lumjana Slide I              NH6                               25.956781   91.852883   Earth             Slide      2015
852,25.96,91.857,,2015,year,Ri-Bhoi    Umdaprhong                   NH6                              25.96        91.857      Earth             Slide      2015
861,25.978803,91.860278,,2015,year,Ri-Bhoi    Old weight bridge 2          NH6                               25.978803   91.860278   Earth             Slide      2015
865,25.997033,91.86235,,2015,year,Ri-Bhoi    13 km stone slide            NH6                               25.997033   91.86235    Earth             Slide      2015
866,25.998847,91.863883,,2015,year,Ri-Bhoi    Hynniangban Them slide       NH6                               25.998847   91.863883   Earth             Slide      2015
493,25.504083,91.723028,,2016,year,East Khasi Hills     ShillongMairang bypass R.S4       New Shillong mairang bypass      25.504083     91.723028     Debris          Slide        2016
497,25.507586,91.708236,,2016,year,East Khasi Hills     ShillongMairang bypass R.S1       New Shillong mairang bypass     25.507586      91.708236     Debris          Slide        2016
500,25.509233,91.703961,,2016,year,East Khasi Hills     ShillongMairang bypass R.S2       New Shillong mairang bypass     25.509233      91.703961     Debris          Slide        2016
501,25.509358,91.719631,,2016,year,East Khasi Hills     ShillongMairang bypass R.S3       New Shillong mairang bypass     25.509358      91.719631     Debris          Slide        2016
508,25.520356,91.537764,,2016,year,West Khasi Hills         NH44E slide3                  Along NH44E near Kynshi village 25.520356     91.537764     Debris            Slide      2016
512,25.523,91.521389,,2016,year,West Khasi Hills         NH44E slide2                  NH44E                           25.523        91.521389     Debris            Slide      2016
514,25.524931,91.514383,,2016,year,West Khasi Hills         NH44E slide1                  NH44E                           25.524931     91.514383     Debris            Slide      2016
527,25.535628,91.679575,,2016,year,West Khasi Hills         NH44E slide7                  100 m SW of NH44E between 25.535628           91.679575     Earth             Slide      2016
533,25.537972,91.602361,,2016,year,West Khasi Hills         NH44E slide4                  Along NH44E 2 km West of        25.537972     91.602361     Debris            Slide      2016
541,25.542744,91.662067,,2016,year,East Khasi Hills         Nongbri village Slide     1 km W of Nongbri village       25.542744   91.662067   Rock              Slide      2016
560,25.548089,91.647706,,2016,year,West Khasi Hills                                   Along NH44E near 40km mile     25.548089    91.647706   Debris            Slide      2016
561,25.548306,91.61775,,2016,year,West Khasi Hills         47 mile stone slide       Along NH44E near 47 mile stone 25.548306    91.61775    Rock              Slide      2016
566,25.549789,91.645033,,2016,year,West Khasi Hills         NH44E slide6              Along NH44E near 0.5 km NE of 25.549789     91.645033   Debris            Slide      2016
572,25.5502,91.618106,,2016,year,West Khasi Hills         NH44E slide5                        Along NH44E SW of Mawsawa        25.5502     91.618106   Earth           Slide        2016
602,25.568056,91.737944,,2016,year,West Khasi Hills         Pyrda village slide1                2 km SE of Pyrda village         25.568056   91.737944   Rock            Slide        2016
603,25.568106,91.737919,,2016,year,West Khasi Hills         Pyrda village slide2                About 2 km SE of Pyrda village   25.568106   91.737919   Debris          Slide        2016
685,25.619625,91.616567,,2016,year,"West Khasi Hills         MairangNongkhlaw R.S4          MairangNongkhlaw road, about 25.619625    91.616567     Earth           Slide        2016"
689,25.620361,91.617083,,2016,year,"West Khasi Hills         MairangNongkhlaw R.S3          MairangNongkhlaw road, about 25.620361    91.617083     Earth           Slide        2016"
744,25.660333,91.635083,,2016,year,"West Khasi Hills   MairangNongkhlaw R.S2               MairangNongkhlaw road, about 25.660333      91.635083     Earth           Slide        2016"
745,25.660539,91.635431,,2016,year,"West Khasi Hills   MairangNongkhlaw R.S1               MairangNongkhlaw road, about 25.660539      91.635431     Earth           Slide        2016"
776,25.687083,91.650858,,2016,year,West Khasi Hills   NongkhlawPatharkhamma R.S4    NongkhlawPatharkhammah     25.687083   91.650858   Debris          Slide        2016
777,25.687314,91.655378,,2016,year,West Khasi Hills   NongkhlawPatharkhamma R.S3    NongkhlawPatharkhammah     25.687314   91.655378   Debris          Slide        2016
778,25.687431,91.648322,,2016,year,West Khasi Hills   NongkhlawPatharkhamma R.S5    NongkhlawPatharkhammah     25.687431   91.648322   Debris          Slide        2016
779,25.687442,91.656183,,2016,year,West Khasi Hills   NongkhlawPatharkhamma R.S2    NongkhlawPatharkhammah     25.687442   91.656183   Debris          Slide        2016
780,25.687856,91.647944,,2016,year,West Khasi Hills   NongkhlawPatharkhamma R.S6    NongkhlawPatharkhammah     25.687856   91.647944   Debris          Slide        2016
781,25.688011,91.658069,,2016,year,West Khasi Hills   NongkhlawPatharkhamma R.S1    NongkhlawPatharkhammah     25.688011   91.658069   Debris          Slide        2016
784,25.691453,91.645731,,2016,year,West Khasi Hills                                 NongkhlawPatharkhammah     25.691453   91.645731   Debris          Slide        2016
785,25.692933,91.647703,,2016,year,West Khasi Hills   NongkhlawPatharkhamma R.S8    NongkhlawPatharkhammah     25.692933   91.647703   Debris          Slide        2016
786,25.692947,91.648044,,2016,year,West Khasi Hills   NongkhlawPatharkhamma R.S7    NongkhlawPatharkhammah     25.692947   91.648044   Debris          Slide        2016
790,25.696489,91.644528,,2016,year,West Khasi Hills   NongkhlawPatharkhamma R.S9    NongkhlawPatharkhammah     25.696489   91.644528   Debris          Slide        2016
796,25.6999,91.642192,,2016,year,West Khasi Hills   NongkhlawPatharkhamma R.S11   NongkhlawPatharkhammah     25.6999     91.642192   Debris          Slide        2016
797,25.700053,91.644486,,2016,year,West Khasi Hills   NongkhlawPatharkhamma R.S10   NongkhlawPatharkhammah     25.700053   91.644486   Debris          Slide        2016
809,25.763347,91.657153,,2016,year,West Khasi Hills   Ladpanai village slide1        MairangPatharkhamma road 2 25.763347          91.657153   Rock            Slide        2016
814,25.795444,91.662111,,2016,year,West Khasi Hills                                  NongkhlawPatharkhammah            25.795444   91.662111   Earth           Slide        2016
829,25.895583,91.599333,,2016,year,Ri-Bhoi            Patharkhamma village Slide1    Patharkhamma Guwahati road        25.895583   91.599333   Debris          Slide        2016
830,25.913997,91.578903,,2016,year,Ri-Bhoi            Jirang village slide8          Patharkhamma Guwahati road        25.913997   91.578903   Debris          Slide        2016
831,25.9235,91.574222,,2016,year,Ri-Bhoi            Jirang village slide7          Patharkhamma Guwahati road        25.9235     91.574222   Debris          Slide        2016
834,25.930386,91.571822,,2016,year,Ri-Bhoi            Jirang village slide6          Patharkhamma Guwahati road        25.930386   91.571822   Earth           Slide        2016
835,25.934889,91.714389,,2016,year,Ri-Bhoi            UmlingPatharkhamma R.S3        UmlingPatharkhamma road         25.934889     91.714389   Earth           Slide        2016
836,25.935708,91.714556,,2016,year,Ri-Bhoi            UmlingPatharkhamma R.S2        UmlingPatharkhamma road         25.935708     91.714556   Earth           Slide        2016
837,25.935833,91.56525,,2016,year,Ri-Bhoi            Jirang village slide5          Patharkhamma Guwahati road 25.935833          91.56525    Earth           Slide        2016
838,25.935908,91.564903,,2016,year,Ri-Bhoi            Jirang village slide4          Patharkhamma Guwahati road 25.935908          91.564903   Earth           Slide        2016
839,25.936583,91.563917,,2016,year,Ri-Bhoi    Jirang village slide3        Patharkhamma Guwahati road 25.936583          91.563917   Debris            Slide      2016
841,25.940439,91.563069,,2016,year,Ri-Bhoi    Jirang village slide2        Patharkhamma Guwahati road 25.940439          91.563069   Earth             Slide      2016
842,25.940978,91.724644,,2016,year,Ri-Bhoi    UmlingPatharkhamma R.S1      UmlingPatharkhamma road    25.940978          91.724644   Earth             Slide      2016
843,25.945225,91.560703,,2016,year,Ri-Bhoi    Jirang village slide1        Patharkhamma Guwahati road 25.945225          91.560703   Earth             Slide      2016
844,25.945619,91.548883,,2016,year,Ri-Bhoi    Paham slide2                 Patharkhamma Guwahati road 25.945619          91.548883   Earth             Slide      2016
846,25.9545,91.546622,,2016,year,Ri-Bhoi    Paham slide                  Patharkhamma Guwahati road 25.9545            91.546622   Debris            Slide      2016
847,25.954889,91.858667,,2016,year,Ri-Bhoi    19.720 km slide              NH6                               25.954889   91.858667   Debris            Slide      2016
855,25.971897,91.562372,,2016,year,Ri-Bhoi    Huro Jirang village slide3   0.5 km SW of Huro Jirang vilalge 25.971897    91.562372   Earth             Slide      2016
856,25.972322,91.561125,,2016,year,Ri-Bhoi    Huro Jirang village slide4   4.5 km SW of Huro Jirang vilalge 25.972322    91.561125   Earth             Slide      2016
857,25.972469,91.560822,,2016,year,Ri-Bhoi    Huro Jirang village slide5   5 km SW of Huro Jirang vilalge    25.972469   91.560822   Earth             Slide      2016
859,25.972964,91.858336,,2016,year,Ri-Bhoi    Umling slide                 NH6                             25.972964     91.858336   Debris            Slide      2016
860,25.978481,91.569575,,2016,year,Ri-Bhoi    Huro Jirang village slide2   2.5km SW of Huro Jirang vilalge 25.978481     91.569575   Earth             Slide      2016
864,25.994619,91.577214,,2016,year,Ri-Bhoi    Huro Jirang village slide1   0.5km NE of Huro Jirang vilalge   25.994619   91.577214   Earth             Slide      2016
113,25.181969,91.637545,,2017,year,East Khasi Hills         Shella slide                 250 m N of Shella village(Along 25.181969    91.637545   Debris          Slide        2017
156,25.208593,91.742294,,2017,year,East Khasi Hills                                       Along Sohra Mawlong road        25.208593   91.742294   Debris          Slide        2017
178,25.218732,91.740262,,2017,year,East Khasi Hills                                       Along Sohra Mawlong road     25.218732      91.740262   Debris          Slide        2017
189,25.222221,91.742134,,2017,year,East Khasi Hills                                       Along Sohra Mawlong road       25.222221   91.742134   Debris          Slide        2017
197,25.223769,91.740164,,2017,year,East Khasi Hills                                       Along Sohra Mawlong road       25.223769   91.740164   Debris          Slide        2017
204,25.226751,91.754441,,2017,year,East Khasi Hills                                       Along the approach road to     25.226751   91.754441   Debris          Slide        2017
208,25.227249,91.748917,,2017,year,East Khasi Hills                                       Along approach road to Laitiam 25.227249   91.748917   Debris          Slide        2017
241,25.243358,91.747094,,2017,year,East Khasi Hills                                    <Null>                          25.243358   91.747094   Rock            Slide        2017
372,25.359281,91.035939,,2017,year,West Khasi Hills         1.7 km W of Porkhadoh      Maweit Shallang B road           25.359281   91.035939   Debris          Slide        2017
382,25.361056,91.034889,,2017,year,West Khasi Hills         1.8 km W of Porkhadoh      Maweit Shallang B road           25.361056   91.034889   Debris          Slide        2017
693,25.625331,91.182614,,2017,year,West Khasi Hills   1.2 km NE of Mawruksoin         Riwang Langpih road            25.625331     91.182614     Debris             Slide     2017
708,25.636747,91.162711,,2017,year,West Khasi Hills   3 km SE of Seinduli             NH44E                          25.636747     91.162711     Rock               Slide     2017
748,25.663444,91.915944,,2017,year,Ri-Bhoi            Tharia slide                        Tharia village               25.663444      91.915944     Debris          Slide        17 June 2017
753,25.667072,91.091972,,2017,year,West Khasi Hills   1.3 km SW of Porla                  NH44E                        25.667072      91.091972     Debris          Slide        2017
757,25.667744,91.597819,,2017,year,West Khasi Hills   0.2 km W of Riando petrolpump slide NH44E                         25.667744     91.597819     Debris          Slide        2017
692,25.625142,90.791675,,2018,year,West Khasi Hills   North of Ginulgithim            NA                             25.625142     90.791675     Soil               Slide     2018
950,25.64911111,91.899,,2018,year,"East Khasi Hills     Guwahati-Shillong Road, Near Umiam Umiam Landslide-II            25.64911111   91.899        Debris               Slide       2018,11 July 2019"
955,25.18688889,91.39855556,,2019,year,East Khasi Hills     Balat-Shella road                  Balat 4 km Slide              25.18688889   91.39855556   Debris               Slide       27 June 2019
952,25.22194444,91.38422222,,2019,year,East Khasi Hills     Balat road                         Balat road slide - II         25.22194444   91.38422222   Debris               Slide       27 June 2019
951,25.23211111,91.37252778,,2019,year,East Khasi Hills     Balat road slide - I               Pomblang Landslide            25.23211111   91.37252778   Debris               Slide       27 June 2019
945,25.281,91.57330556,,2019,year,"East Khasi Hills     Mawsynram, East Khasi Hills District, Mawsynram - Lawbah         25.281        91.57330556   Debris               Slide       7 July 2019"
487,25.5,90.22,,2019,year,"West Garo Hills      Tura-Dalu road slide no2          NH-217,Tura Dalu Road, Tura      25.5          90.22         Debris          Slide        2019"
977,25.50368056,91.72342222,,2019,year,"East Khasi Hills     NH-44E, (1.5 km towards north-east Umsohiong Dombhoi             25.50368056   91.72342222   Rock                 Slide       September 2019,2020"
502,25.51,90.21,,2019,year,"West Garo Hills          Lower Hawakhana slide         Mohindra colony, Lower          25.51         90.21         Rock              Slide      2019"
569,25.55,90.33,,2019,year,"West Garo Hills          Tura-Williamnagar road slide no 1   SH-1, Tura-WilliamnagarRoad,     25.55       90.33       Debris          Slide        2019"
590,25.56,90.37,,2019,year,"West Garo Hills          Tura-Williamnagar road slide no 3   SH-1, Tura-Williamnagar Road,    25.56       90.37       Debris          Slide        2019"
942,25.563,91.885,,2019,year,"East Khasi Hills   Malki, East Khasi Hills district,    Malki Slide                     25.563          91.885        Debris                 Slide   9 July 2019 at 2.00 pm"
944,25.56663056,91.91370556,,2019,year,East Khasi Hills   Rynjah                               Rynjah GSI Office slide         25.56663056     91.91370556   Rock (with thin        Slide   10 July 2019
652,25.6,90.03,,2019,year,"West Garo Hills      Singimari-Tura road subsidence   SH-2, Meghalaya, 300 m SE of    25.6        90.03       Debris          Slide        2019"
662,25.61,90.29,,2019,year,"West Garo Hills          Rongram-Jengjal road slide 1   NH-217,Paikan-Tura Dalu Road 25.61        90.29         Debris          Slide        2019"
949,25.6489,91.8965,,2019,year,"East Khasi Hills     Guwahati-Shillong Road, Near Umiam Umiam Landslide-I             25.6489       91.8965       Rock (with thin      Slide       2006, 01 October 2019"
730,25.64906111,91.89733611,,2019,year,East Khasi Hills   NA                              NA                             25.64906111   91.89733611   Rock               Slide     August 2019 & July 2020
734,25.65,90.38,,2019,year,"West Garo Hills    Jengjal-Addingre-Williamnagar road   NH-217,Paikan-Tura Dalu Road 25.65         90.38         Debris          Slide        2019"
971,25.65060556,91.89945278,,2019,year,"East Khasi Hills     NH-40(650 m from Umiam viewpoint Umiam slide                     25.65060556   91.89945278   Debris               Slide       August 2019, August 2020."
813,25.79,90.44,,2019,year,"West Garo Hills    NH-217 road slide              NH-217 , Paikan-Tura-Dalu         25.79       90.44       Debris          Slide        2019"
821,25.83,91.05,,2019,year,West Khasi Hills   Malangkona-Nongporuo slide-1   Malangkona-Nongporuo road         25.83       91.05       Earth           Slide        2019
731,25.64908889,91.899,,2020,year,East Khasi Hills   NA                              NA                             25.64908889   91.899        Debris             Slide     July 2020
484,25.49736111,91.77902778,,2021,year,East Khasi Hills     NA                                NA                               25.49736111   91.77902778   Debris          Slide        2021
485,25.49833333,91.73361111,,2021,year,East Khasi Hills     NA                                NA                               25.49833333   91.73361111   Debris          Slide        2021
981,25.21022222,90.63220278,,2022,year,South Garo Hills     Baghmara along the road.           Bhagmara slide                25.21022222   90.63220278   Debris               Slide       17 June 2022
980,25.21273889,90.63216111,,2022,year,South Garo Hills     Baghmara (1.5km north west Bhagmara slide                        25.21273889   90.63216111   Debris               Slide       17 June 2022 at 4.30 hrs
290,25.296,91.932,,2022,year,East Khasi Hills         NA                                   NA                              25.296        91.932        Rock            Slide            04 April 2022
346,25.345,91.891,,2022,year,East Khasi Hills         NA                    NA                               25.345      91.891      Rock              Slide      March-April 2022
991,25.35861111,91.97208333,,2022,year,East Khasi Hills          Umblai village                    Umblai slide                25.35861111   91.97208333   Debris          Slide         4 April 2022 at 7.00hrs
992,25.35908333,91.97433333,,2022,year,East Khasi Hills          Umblai village                    Umblai slide                25.35908333   91.97433333   Debris          flow          4 April 2022 at 7.00hrs
979,25.36103333,91.64700833,,2022,year,"South Garo Hills     Ramgmik gittam, Siju               Siju slide                    25.36103333   91.64700833   Debris               Slide       17 June 2022 at 4.30 hrs"
982,25.38163333,90.06033889,,2022,year,West Garo Hills      Jibalgre village                   Jibalgre slide                25.38163333   90.06033889   Debris               Slide       9 June 2022 at 2.00hrs
993,25.39611111,91.99194444,,2022,year,"East Khasi Hills          Lynshing village, along Mawkynrew Lynshing slide              25.39611111   91.99194444   Debris          Slide         4 April 2022 at 7.00hrs"
987,25.44716111,91.59067778,,2022,year,"East Khasi Hills          Nongspung – Laitlarem village road   Laitlarem slide          25.44716111   91.59067778   Debris          Slide         15 June 2022, 8.00 to 9.00hrs"
986,25.44743611,91.59103889,,2022,year,"East Khasi Hills          Nongsoung –Laitlarem road            Laitlarem slide          25.44743611   91.59103889   Debris          Slide         15 June 2022, 8.00 to 9.00hrs"
985,25.44835,91.59150278,,2022,year,"East Khasi Hills          Nongsoung-Laitlarem road             Laitlarem slide          25.44835      91.59150278   Debris          Slide         15 June 2022, 8.00 to 9.00hrs"
984,25.45903056,90.70813333,,2022,year,South Garo Hills          Nongal Bibra village                 Nongal Bibra             25.45903056   90.70813333   Debris          Slide         17 June 2022 at 3.000hrs
983,25.45939722,90.70860278,,2022,year,South Garo Hills          NongalBibra village                  Nongal Bibra             25.45939722   90.70860278   Debris          Slide         17 June 2022 at 3.000hrs
994,25.365263,91.878497,,2023,year,"East Khasi Hills          NH-40                             Ryngngain slide, before     25.365263     91.878497     Rock            Slide         13 April 2023"
995,25.52901389,91.26188611,,2023,year,"West Khasi Hills          Pyndengrei village, Nongstoin     Pyndengrei slide            25.52901389   91.26188611   Debris          Slide         17 June 2023 at 4:00 AM."
691,25.6251,91.9118,2024-05-27,2024,day,East Khasi Hills   NA                              NA                             25.6251       91.9118       Slope cut debris   Slide     27 May 2024
1011,25.34508889,91.60050278,2024-05-28,2024,day,"East Khasi Hills          Mawlynnu(Sixteen)                    Weiloi-Mawsynram Road    25.34508889   91.60050278   Debris          Slide         28 May 2024, morning"
998,25.39295833,91.55163333,2024-05-28,2024,day,South West Khasi Hills    Wamney                            Village Road                25.39295833   91.55163333   Debris          Slide         28 May 2024
1000,25.40288611,91.43424167,2024-05-28,2024,day,South West Khasi Hills    Mawkyllung                        Mawkyllung-Nongstoin Road   25.40288611   91.43424167   Debris          Fall          28 May 2024
1010,25.41384722,91.67856111,2024-05-28,2024,day,"East Khasi Hills          Ummawiong                            Lyngiang-Tynsad Road     25.41384722   91.67856111   Debris          Slide         28 May 2024, morning"
1009,25.44693056,91.74096667,2024-05-28,2024,day,"East Khasi Hills          Mawphlang                            Mawphlang-Weiloi Road    25.44693056   91.74096667   Debris          Topple/Fall   28 May 2024, morning"
1003,25.62790278,91.88801944,2024-05-28,2024,day,East Khasi Hills          Mowing Rim                           Shillong-Umiam Road      25.62790278   91.88801944   Debris          Fall          28 May 2024 at 4.00 hrs
1004,25.630403,91.8899195,2024-05-28,2024,day,East Khasi Hills          Mowing Rim                           Shillong-Umiam Road      25.630403     91.8899195    Debris          Subsidence    28 May 2024 at 4.00 hrs
1005,25.630858,91.887601,2024-05-28,2024,day,East Khasi Hills          Mowing Rim                           Shillong-Umiam Road      25.630858     91.887601     Debris          Slide         28 May 2024 at 4.00 hrs
1048,25.68798889,91.65838889,2024-05-28,2024,day,Eastern-West Khasi Hill                                    Mairang-Guwahati Road           25.68798889   91.65838889   Debris          Slide         28 May 2024
1049,25.68805,91.66653,2024-05-28,2024,day,Eastern-West Khasi Hill                                    Nongkhlaw-Guwahati Road         25.68805      91.66653      Debris          Slide         28 May 2024
1053,25.762051,91.658959,2024-05-29,2024,day,Eastern-West Khasi Hill   Boulder Stone Quarry Site        Mairang-Guwahati Road           25.762051     91.658959     Debris          Slide         29 May 2024
1054,25.770935,91.656497,2024-05-29,2024,day,Eastern-West Khasi Hill   Mawpat                           Mairang-Guwahati Road           25.770935     91.656497     Debris          Slide         29 May 2024
1055,25.791616,91.658242,2024-05-29,2024,day,Eastern-West Khasi Hill   Madpan                           Mairang-Guwahati Road           25.791616     91.658242     Debris          Slide         29 May 2024
280,25.28236861,91.73874417,2024-05-30,2024,day,East Khasi Hills         NA                                   NA                              25.28236861   91.73874417   Debris          Slide and flow   30 May 2024 at 02:00 AM.
894,25.29667,91.45986,,2024,year,South West Khasi Hills   Manad slide-2                       Manad village                  25.29667      91.45986      Debris                 Slide   17 June 2024 at 6:00AM
896,25.29739,91.46201,,2024,year,South West Khasi Hills   Manad slide-4                       Manad village                  25.29739      91.46201      Debris                 Slide   17 June 2024
895,25.2975,91.46167,,2024,year,South West Khasi Hills   Manad slide-3                       Manad village                  25.2975       91.46167      Debris                 Slide   17 June 2024 (8:00 to 9:00 AM)
897,25.29778,91.45972,,2024,year,South West Khasi Hills   Lummawbah village slide             Lummawbah village              25.29778      91.45972      Debris                 Slide   15 June 2024(1:00 AM)
893,25.29967,91.46108,,2024,year,South West Khasi Hills   Manad slide-1                       Manad village                  25.29967      91.46108      Debris                 Slide   15 June 2024
999,25.37129167,91.48003056,,2024,year,South West Khasi Hills    Jakarm                            Mawkyrwat-Shillong Road     25.37129167   91.48003056   Debris          Fall          15 June 2024
1001,25.531739,91.296177,,2024,year,West Khasi Hills          Mawrok Sohsat                        Mairang-Nongstoin Road   25.531739     91.296177     Debris          Slide         02 July 2024
1002,25.540056,91.314142,,2024,year,West Khasi Hills          Sohpian                              Mairang-Nongstoin Road   25.540056     91.314142     Debris          Fall          02 July 2024
997,25.55256111,91.61870278,,2024,year,Eastern-West Khasi Hill   Kynshi                                                        25.55256111   91.61870278   Debris          Fall          28 June 2024
890,25.5667327,91.9146185,,2024,year,East Khasi Hills         NULL                                NULL                           25.5667327    91.9146185    Debris                 Slide   04 October 2024
1035,25.61276111,91.17375278,,2024,year,West Khasi Hills                                           Nongstoin-RongjongTura Road 25.61276111       91.17375278   Debris          Slide         02 July 2024
1034,25.62269444,91.16914444,,2024,year,West Khasi Hills                                           Nongstoin-RongjongTura Road   25.62269444     91.16914444   Debris          Slide         02 July 2024
1006,25.641242,91.894137,,2024,year,East Khasi Hills          Rymbai Petrol Pump(BPCL)             Shillong-Umiam Road      25.641242     91.894137     Debris          Fall          02 July 2024
1008,25.64887222,91.89692778,,2024,year,East Khasi Hills          Umiam Lake                           Umiam Road               25.64887222   91.89692778   Debris          Slide         02 July 2024
1007,25.65057222,91.89351389,,2024,year,East Khasi Hills          Mowing Rim                           Umiam Road               25.65057222   91.89351389   Debris          Fall          02 July 2024
1016,25.65308889,91.89803889,,2024,year,East Khasi Hills          Umiam Hydal Project                  GS Road                  25.65308889   91.89803889   Debris          Slide         01 July 2024
1017,25.65341111,91.89819444,,2024,year,East Khasi Hills          Umiam Hydal Project                  GS Road                  25.65341111   91.89819444   Debris          Slide         01 July 2024
1036,25.66156667,91.13485278,,2024,year,West Khasi Hills                                           Nongstoin-RongjongTura Road 25.66156667       91.13485278   Debris          Slide         02 July 2024
1020,25.67517222,91.8983,,2024,year,Ri-Bhoi                   Umiam Flyover                        Guwahati-Shillong Road   25.67517222   91.8983       Debris          Fall          30 June 2024
1023,25.67546111,91.89726944,,2024,year,Ri-Bhoi                   Umiam                                NH-6                     25.67546111   91.89726944   Rock            Topple/Fall   30 June 2024
1028,25.68255833,91.90111389,,2024,year,Ri-Bhoi                   Umbang 1                             NH-6                     25.68255833   91.90111389   Debris          Slide         30 June 2024
1029,25.68591944,91.90256667,,2024,year,Ri-Bhoi                   Umbang 2                         NH-6                          25.68591944     91.90256667   Debris          Slide         30 June 2024
1042,25.69683611,91.64485556,,2024,year,Eastern-West Khasi Hill                                    Mairang-Guwahati Road           25.69683611   91.64485556   Debris          Slide         06 August 2024
1041,25.69866667,91.64517222,,2024,year,Eastern-West Khasi Hill   Nongkhlaw-Tirotsing 4            Mairang-Guwahati Road           25.69866667   91.64517222   Debris          Slide         06 August 2024
1040,25.70087778,91.642902,,2024,year,Eastern-West Khasi Hill   Nongkhlaw-Tirotsing 3            Mairang-Guwahati Road           25.70087778   91.642902     Debris          Slide         08 October 2024
899,25.781246,91.874475,,2024,year,Ri-Bhoi                  Umran Dairy slide                   Umran Dairy village            25.781246     91.874475     Earth                  Slide   6 July 2024
1032,25.79744444,91.87408611,,2024,year,Ri-Bhoi                   Umsamlan 1                       NH-6                          25.79744444     91.87408611   Debris          Slide         14 June 2024
1056,25.803984,91.659801,,2024,year,Eastern-West Khasi Hill                                    Mairang-Guwahati Road           25.803984     91.659801     Debris          Slide         28 August 2024
1033,25.80725833,91.87509444,,2024,year,Ri-Bhoi                   Umsamlan 2                       NH-6                          25.80725833     91.87509444   Debris          Slide         14 July 2024
